Record Length,2.500000e+03,,  -0.043600000000,   0.06272,
Sample Interval,4.000000e-05,,  -0.043560000000,   0.10752,
Trigger Point,1.090000000000e+03,,  -0.043520000000,   0.16128,
,,,  -0.043480000000,   0.17920,
,,,  -0.043440000000,   0.16128,
,,,  -0.043400000000,   0.10752,
Source,CH1,,  -0.043360000000,   0.02688,
Vertical Units,V,,  -0.043320000000,  -0.07168,
Vertical Scale,2.240000e-01,,  -0.043280000000,  -0.18816,
Vertical Offset,0.000000e+00,,  -0.043240000000,  -0.29568,
Horizontal Units,s,,  -0.043200000000,  -0.36736,
Horizontal Scale,1.000000e-02,,  -0.043160000000,  -0.46592,
Pt Fmt,Y,,  -0.043120000000,  -0.50176,
Yzero,0.000000e+00,,  -0.043080000000,  -0.51968,
Probe Atten,1.000000e+00,,  -0.043040000000,  -0.46592,
Model Number,TDS2014C,,  -0.043000000000,  -0.40320,
Serial Number,C013081,,  -0.042960000000,  -0.29568,
Firmware Version,FV:v24.15,,  -0.042920000000,  -0.12544,
,,,-00.042880000000,   0.03584,
,,,-00.042840000000,   0.24192,
,,,-00.042800000000,   0.42112,
,,,-00.042760000000,   0.55552,
,,,-00.042720000000,   0.69888,
,,,-00.042680000000,   0.77056,
,,,-00.042640000000,   0.79744,
,,,-00.042600000000,   0.77952,
,,,-00.042560000000,   0.68992,
,,,-00.042520000000,   0.55552,
,,,-00.042480000000,   0.42112,
,,,-00.042440000000,   0.19712,
,,,-00.042400000000,   0.02688,
,,,-00.042360000000,  -0.17920,
,,,-00.042320000000,  -0.37632,
,,,-00.042280000000,  -0.51968,
,,,-00.042240000000,  -0.63616,
,,,-00.042200000000,  -0.65408,
,,,-00.042160000000,  -0.70784,
,,,-00.042120000000,  -0.66304,
,,,-00.042080000000,  -0.57344,
,,,-00.042040000000,  -0.46592,
,,,-00.042000000000,  -0.29568,
,,,-00.041960000000,  -0.16128,
,,,-00.041920000000,   0.00000,
,,,-00.041880000000,   0.13440,
,,,-00.041840000000,   0.24192,
,,,-00.041800000000,   0.33152,
,,,-00.041760000000,   0.34944,
,,,-00.041720000000,   0.36736,
,,,-00.041680000000,   0.34944,
,,,-00.041640000000,   0.27776,
,,,-00.041600000000,   0.19712,
,,,-00.041560000000,   0.13440,
,,,-00.041520000000,   0.02688,
,,,-00.041480000000,   0.00000,
,,,-00.041440000000,  -0.08960,
,,,-00.041400000000,  -0.09856,
,,,-00.041360000000,  -0.07168,
,,,-00.041320000000,  -0.06272,
,,,-00.041280000000,   0.00896,
,,,-00.041240000000,   0.09856,
,,,-00.041200000000,   0.17920,
,,,-00.041160000000,   0.25088,
,,,-00.041120000000,   0.32256,
,,,-00.041080000000,   0.36736,
,,,-00.041040000000,   0.36736,
,,,-00.041000000000,   0.36736,
,,,-00.040960000000,   0.29568,
,,,-00.040920000000,   0.20608,
,,,-00.040880000000,   0.05376,
,,,-00.040840000000,  -0.08960,
,,,-00.040800000000,  -0.25984,
,,,-00.040760000000,  -0.38528,
,,,-00.040720000000,  -0.54656,
,,,-00.040680000000,  -0.61824,
,,,-00.040640000000,  -0.68992,
,,,-00.040600000000,  -0.68992,
,,,-00.040560000000,  -0.67200,
,,,-00.040520000000,  -0.60928,
,,,-00.040480000000,  -0.45696,
,,,-00.040440000000,  -0.29568,
,,,-00.040400000000,  -0.10752,
,,,-00.040360000000,   0.10752,
,,,-00.040320000000,   0.31360,
,,,-00.040280000000,   0.48384,
,,,-00.040240000000,   0.61824,
,,,-00.040200000000,   0.74368,
,,,-00.040160000000,   0.77952,
,,,-00.040120000000,   0.78848,
,,,-00.040080000000,   0.72576,
,,,-00.040040000000,   0.63616,
,,,-00.040000000000,   0.48384,
,,,-00.039960000000,   0.33152,
,,,-00.039920000000,   0.12544,
,,,-00.039880000000,  -0.04480,
,,,-00.039840000000,  -0.20608,
,,,-00.039800000000,  -0.31360,
,,,-00.039760000000,  -0.42112,
,,,-00.039720000000,  -0.48384,
,,,-00.039680000000,  -0.47488,
,,,-00.039640000000,  -0.46592,
,,,-00.039600000000,  -0.41216,
,,,-00.039560000000,  -0.33152,
,,,-00.039520000000,  -0.21504,
,,,-00.039480000000,  -0.13440,
,,,-00.039440000000,  -0.00896,
,,,-00.039400000000,   0.04480,
,,,-00.039360000000,   0.13440,
,,,-00.039320000000,   0.16128,
,,,-00.039280000000,   0.14336,
,,,-00.039240000000,   0.13440,
,,,-00.039200000000,   0.08064,
,,,-00.039160000000,   0.00896,
,,,-00.039120000000,  -0.06272,
,,,-00.039080000000,  -0.11648,
,,,-00.039040000000,  -0.16128,
,,,-00.039000000000,  -0.21504,
,,,-00.038960000000,  -0.20608,
,,,-00.038920000000,  -0.16128,
,,,-00.038880000000,  -0.12544,
,,,-00.038840000000,   0.00000,
,,,-00.038800000000,   0.11648,
,,,-00.038760000000,   0.23296,
,,,-00.038720000000,   0.34944,
,,,-00.038680000000,   0.44800,
,,,-00.038640000000,   0.55552,
,,,-00.038600000000,   0.59136,
,,,-00.038560000000,   0.59136,
,,,-00.038520000000,   0.56448,
,,,-00.038480000000,   0.47488,
,,,-00.038440000000,   0.34944,
,,,-00.038400000000,   0.19712,
,,,-00.038360000000,   0.00896,
,,,-00.038320000000,  -0.18816,
,,,-00.038280000000,  -0.38528,
,,,-00.038240000000,  -0.53760,
,,,-00.038200000000,  -0.65408,
,,,-00.038160000000,  -0.73472,
,,,-00.038120000000,  -0.78848,
,,,-00.038080000000,  -0.77952,
,,,-00.038040000000,  -0.69888,
,,,-00.038000000000,  -0.60032,
,,,-00.037960000000,  -0.43904,
,,,-00.037920000000,  -0.23296,
,,,-00.037880000000,  -0.04480,
,,,-00.037840000000,   0.14336,
,,,-00.037800000000,   0.32256,
,,,-00.037760000000,   0.46592,
,,,-00.037720000000,   0.59136,
,,,-00.037680000000,   0.63616,
,,,-00.037640000000,   0.65408,
,,,-00.037600000000,   0.63616,
,,,-00.037560000000,   0.55552,
,,,-00.037520000000,   0.44800,
,,,-00.037480000000,   0.31360,
,,,-00.037440000000,   0.19712,
,,,-00.037400000000,   0.04480,
,,,-00.037360000000,  -0.08064,
,,,-00.037320000000,  -0.13440,
,,,-00.037280000000,  -0.25984,
,,,-00.037240000000,  -0.29568,
,,,-00.037200000000,  -0.29568,
,,,-00.037160000000,  -0.24192,
,,,-00.037120000000,  -0.19712,
,,,-00.037080000000,  -0.10752,
,,,-00.037040000000,  -0.02688,
,,,-00.037000000000,   0.04480,
,,,-00.036960000000,   0.08064,
,,,-00.036920000000,   0.12544,
,,,-00.036880000000,   0.10752,
,,,-00.036840000000,   0.08064,
,,,-00.036800000000,   0.02688,
,,,-00.036760000000,  -0.02688,
,,,-00.036720000000,  -0.11648,
,,,-00.036680000000,  -0.19712,
,,,-00.036640000000,  -0.29568,
,,,-00.036600000000,  -0.34944,
,,,-00.036560000000,  -0.42112,
,,,-00.036520000000,  -0.45696,
,,,-00.036480000000,  -0.41216,
,,,-00.036440000000,  -0.36736,
,,,-00.036400000000,  -0.24192,
,,,-00.036360000000,  -0.07168,
,,,-00.036320000000,   0.08960,
,,,-00.036280000000,   0.26880,
,,,-00.036240000000,   0.42112,
,,,-00.036200000000,   0.56448,
,,,-00.036160000000,   0.66304,
,,,-00.036120000000,   0.75264,
,,,-00.036080000000,   0.78848,
,,,-00.036040000000,   0.74368,
,,,-00.036000000000,   0.65408,
,,,-00.035960000000,   0.54656,
,,,-00.035920000000,   0.36736,
,,,-00.035880000000,   0.17024,
,,,-00.035840000000,  -0.02688,
,,,-00.035800000000,  -0.24192,
,,,-00.035760000000,  -0.41216,
,,,-00.035720000000,  -0.57344,
,,,-00.035680000000,  -0.65408,
,,,-00.035640000000,  -0.74368,
,,,-00.035600000000,  -0.72576,
,,,-00.035560000000,  -0.68992,
,,,-00.035520000000,  -0.60032,
,,,-00.035480000000,  -0.47488,
,,,-00.035440000000,  -0.33152,
,,,-00.035400000000,  -0.14336,
,,,-00.035360000000,   0.00896,
,,,-00.035320000000,   0.16128,
,,,-00.035280000000,   0.29568,
,,,-00.035240000000,   0.37632,
,,,-00.035200000000,   0.44800,
,,,-00.035160000000,   0.45696,
,,,-00.035120000000,   0.42112,
,,,-00.035080000000,   0.37632,
,,,-00.035040000000,   0.29568,
,,,-00.035000000000,   0.19712,
,,,-00.034960000000,   0.10752,
,,,-00.034920000000,   0.00896,
,,,-00.034880000000,  -0.04480,
,,,-00.034840000000,  -0.10752,
,,,-00.034800000000,  -0.12544,
,,,-00.034760000000,  -0.10752,
,,,-00.034720000000,  -0.05376,
,,,-00.034680000000,   0.00896,
,,,-00.034640000000,   0.06272,
,,,-00.034600000000,   0.14336,
,,,-00.034560000000,   0.23296,
,,,-00.034520000000,   0.25088,
,,,-00.034480000000,   0.27776,
,,,-00.034440000000,   0.26880,
,,,-00.034400000000,   0.25088,
,,,-00.034360000000,   0.16128,
,,,-00.034320000000,   0.04480,
,,,-00.034280000000,  -0.08064,
,,,-00.034240000000,  -0.20608,
,,,-00.034200000000,  -0.37632,
,,,-00.034160000000,  -0.46592,
,,,-00.034120000000,  -0.58240,
,,,-00.034080000000,  -0.62720,
,,,-00.034040000000,  -0.64512,
,,,-00.034000000000,  -0.60032,
,,,-00.033960000000,  -0.53760,
,,,-00.033920000000,  -0.39424,
,,,-00.033880000000,  -0.23296,
,,,-00.033840000000,  -0.04480,
,,,-00.033800000000,   0.14336,
,,,-00.033760000000,   0.34944,
,,,-00.033720000000,   0.50176,
,,,-00.033680000000,   0.66304,
,,,-00.033640000000,   0.74368,
,,,-00.033600000000,   0.82432,
,,,-00.033560000000,   0.80640,
,,,-00.033520000000,   0.74368,
,,,-00.033480000000,   0.62720,
,,,-00.033440000000,   0.49280,
,,,-00.033400000000,   0.33152,
,,,-00.033360000000,   0.11648,
,,,-00.033320000000,  -0.06272,
,,,-00.033280000000,  -0.24192,
,,,-00.033240000000,  -0.38528,
,,,-00.033200000000,  -0.48384,
,,,-00.033160000000,  -0.57344,
,,,-00.033120000000,  -0.58240,
,,,-00.033080000000,  -0.57344,
,,,-00.033040000000,  -0.49280,
,,,-00.033000000000,  -0.38528,
,,,-00.032960000000,  -0.27776,
,,,-00.032920000000,  -0.15232,
,,,-00.032880000000,  -0.04480,
,,,-00.032840000000,   0.06272,
,,,-00.032800000000,   0.14336,
,,,-00.032760000000,   0.21504,
,,,-00.032720000000,   0.24192,
,,,-00.032680000000,   0.23296,
,,,-00.032640000000,   0.18816,
,,,-00.032600000000,   0.12544,
,,,-00.032560000000,   0.05376,
,,,-00.032520000000,  -0.00896,
,,,-00.032480000000,  -0.08960,
,,,-00.032440000000,  -0.10752,
,,,-00.032400000000,  -0.16128,
,,,-00.032360000000,  -0.14336,
,,,-00.032320000000,  -0.08064,
,,,-00.032280000000,  -0.02688,
,,,-00.032240000000,   0.06272,
,,,-00.032200000000,   0.17920,
,,,-00.032160000000,   0.27776,
,,,-00.032120000000,   0.36736,
,,,-00.032080000000,   0.46592,
,,,-00.032040000000,   0.51968,
,,,-00.032000000000,   0.50176,
,,,-00.031960000000,   0.50176,
,,,-00.031920000000,   0.42112,
,,,-00.031880000000,   0.31360,
,,,-00.031840000000,   0.16128,
,,,-00.031800000000,  -0.00896,
,,,-00.031760000000,  -0.19712,
,,,-00.031720000000,  -0.36736,
,,,-00.031680000000,  -0.51968,
,,,-00.031640000000,  -0.66304,
,,,-00.031600000000,  -0.74368,
,,,-00.031560000000,  -0.77056,
,,,-00.031520000000,  -0.77056,
,,,-00.031480000000,  -0.68992,
,,,-00.031440000000,  -0.58240,
,,,-00.031400000000,  -0.41216,
,,,-00.031360000000,  -0.22400,
,,,-00.031320000000,  -0.00896,
,,,-00.031280000000,   0.18816,
,,,-00.031240000000,   0.35840,
,,,-00.031200000000,   0.53760,
,,,-00.031160000000,   0.64512,
,,,-00.031120000000,   0.70784,
,,,-00.031080000000,   0.73472,
,,,-00.031040000000,   0.68992,
,,,-00.031000000000,   0.63616,
,,,-00.030960000000,   0.49280,
,,,-00.030920000000,   0.34944,
,,,-00.030880000000,   0.20608,
,,,-00.030840000000,   0.02688,
,,,-00.030800000000,  -0.08960,
,,,-00.030760000000,  -0.22400,
,,,-00.030720000000,  -0.29568,
,,,-00.030680000000,  -0.34048,
,,,-00.030640000000,  -0.36736,
,,,-00.030600000000,  -0.33152,
,,,-00.030560000000,  -0.29568,
,,,-00.030520000000,  -0.22400,
,,,-00.030480000000,  -0.12544,
,,,-00.030440000000,  -0.04480,
,,,-00.030400000000,   0.03584,
,,,-00.030360000000,   0.08064,
,,,-00.030320000000,   0.09856,
,,,-00.030280000000,   0.09856,
,,,-00.030240000000,   0.09856,
,,,-00.030200000000,   0.02688,
,,,-00.030160000000,  -0.00896,
,,,-00.030120000000,  -0.12544,
,,,-00.030080000000,  -0.21504,
,,,-00.030040000000,  -0.27776,
,,,-00.030000000000,  -0.30464,
,,,-00.029960000000,  -0.34944,
,,,-00.029920000000,  -0.34048,
,,,-00.029880000000,  -0.25984,
,,,-00.029840000000,  -0.19712,
,,,-00.029800000000,  -0.04480,
,,,-00.029760000000,   0.08064,
,,,-00.029720000000,   0.23296,
,,,-00.029680000000,   0.37632,
,,,-00.029640000000,   0.50176,
,,,-00.029600000000,   0.63616,
,,,-00.029560000000,   0.70784,
,,,-00.029520000000,   0.72576,
,,,-00.029480000000,   0.67200,
,,,-00.029440000000,   0.60928,
,,,-00.029400000000,   0.49280,
,,,-00.029360000000,   0.32256,
,,,-00.029320000000,   0.14336,
,,,-00.029280000000,  -0.05376,
,,,-00.029240000000,  -0.27776,
,,,-00.029200000000,  -0.45696,
,,,-00.029160000000,  -0.59136,
,,,-00.029120000000,  -0.72576,
,,,-00.029080000000,  -0.75264,
,,,-00.029040000000,  -0.78848,
,,,-00.029000000000,  -0.75264,
,,,-00.028960000000,  -0.61824,
,,,-00.028920000000,  -0.50176,
,,,-00.028880000000,  -0.33152,
,,,-00.028840000000,  -0.15232,
,,,-00.028800000000,   0.02688,
,,,-00.028760000000,   0.19712,
,,,-00.028720000000,   0.34944,
,,,-00.028680000000,   0.45696,
,,,-00.028640000000,   0.53760,
,,,-00.028600000000,   0.52864,
,,,-00.028560000000,   0.51968,
,,,-00.028520000000,   0.47488,
,,,-00.028480000000,   0.37632,
,,,-00.028440000000,   0.28672,
,,,-00.028400000000,   0.16128,
,,,-00.028360000000,   0.08064,
,,,-00.028320000000,  -0.04480,
,,,-00.028280000000,  -0.10752,
,,,-00.028240000000,  -0.14336,
,,,-00.028200000000,  -0.14336,
,,,-00.028160000000,  -0.16128,
,,,-00.028120000000,  -0.09856,
,,,-00.028080000000,  -0.03584,
,,,-00.028040000000,   0.05376,
,,,-00.028000000000,   0.08960,
,,,-00.027960000000,   0.19712,
,,,-00.027920000000,   0.21504,
,,,-00.027880000000,   0.20608,
,,,-00.027840000000,   0.18816,
,,,-00.027800000000,   0.14336,
,,,-00.027760000000,   0.04480,
,,,-00.027720000000,  -0.04480,
,,,-00.027680000000,  -0.18816,
,,,-00.027640000000,  -0.29568,
,,,-00.027600000000,  -0.43008,
,,,-00.027560000000,  -0.50176,
,,,-00.027520000000,  -0.53760,
,,,-00.027480000000,  -0.59136,
,,,-00.027440000000,  -0.55552,
,,,-00.027400000000,  -0.46592,
,,,-00.027360000000,  -0.36736,
,,,-00.027320000000,  -0.18816,
,,,-00.027280000000,  -0.02688,
,,,-00.027240000000,   0.17024,
,,,-00.027200000000,   0.36736,
,,,-00.027160000000,   0.51968,
,,,-00.027120000000,   0.68096,
,,,-00.027080000000,   0.77952,
,,,-00.027040000000,   0.80640,
,,,-00.027000000000,   0.78848,
,,,-00.026960000000,   0.72576,
,,,-00.026920000000,   0.60032,
,,,-00.026880000000,   0.45696,
,,,-00.026840000000,   0.26880,
,,,-00.026800000000,   0.09856,
,,,-00.026760000000,  -0.10752,
,,,-00.026720000000,  -0.25984,
,,,-00.026680000000,  -0.43008,
,,,-00.026640000000,  -0.53760,
,,,-00.026600000000,  -0.63616,
,,,-00.026560000000,  -0.67200,
,,,-00.026520000000,  -0.63616,
,,,-00.026480000000,  -0.57344,
,,,-00.026440000000,  -0.46592,
,,,-00.026400000000,  -0.33152,
,,,-00.026360000000,  -0.19712,
,,,-00.026320000000,  -0.02688,
,,,-00.026280000000,   0.08064,
,,,-00.026240000000,   0.17024,
,,,-00.026200000000,   0.25088,
,,,-00.026160000000,   0.31360,
,,,-00.026120000000,   0.32256,
,,,-00.026080000000,   0.29568,
,,,-00.026040000000,   0.23296,
,,,-00.026000000000,   0.16128,
,,,-00.025960000000,   0.06272,
,,,-00.025920000000,   0.01792,
,,,-00.025880000000,  -0.06272,
,,,-00.025840000000,  -0.09856,
,,,-00.025800000000,  -0.10752,
,,,-00.025760000000,  -0.08960,
,,,-00.025720000000,  -0.04480,
,,,-00.025680000000,   0.02688,
,,,-00.025640000000,   0.11648,
,,,-00.025600000000,   0.19712,
,,,-00.025560000000,   0.27776,
,,,-00.025520000000,   0.35840,
,,,-00.025480000000,   0.41216,
,,,-00.025440000000,   0.43008,
,,,-00.025400000000,   0.42112,
,,,-00.025360000000,   0.36736,
,,,-00.025320000000,   0.25984,
,,,-00.025280000000,   0.10752,
,,,-00.025240000000,  -0.02688,
,,,-00.025200000000,  -0.18816,
,,,-00.025160000000,  -0.36736,
,,,-00.025120000000,  -0.51968,
,,,-00.025080000000,  -0.63616,
,,,-00.025040000000,  -0.70784,
,,,-00.025000000000,  -0.72576,
,,,-00.024960000000,  -0.72576,
,,,-00.024920000000,  -0.64512,
,,,-00.024880000000,  -0.51968,
,,,-00.024840000000,  -0.36736,
,,,-00.024800000000,  -0.18816,
,,,-00.024760000000,   0.01792,
,,,-00.024720000000,   0.22400,
,,,-00.024680000000,   0.42112,
,,,-00.024640000000,   0.57344,
,,,-00.024600000000,   0.70784,
,,,-00.024560000000,   0.73472,
,,,-00.024520000000,   0.77056,
,,,-00.024480000000,   0.72576,
,,,-00.024440000000,   0.65408,
,,,-00.024400000000,   0.51072,
,,,-00.024360000000,   0.38528,
,,,-00.024320000000,   0.18816,
,,,-00.024280000000,   0.03584,
,,,-00.024240000000,  -0.13440,
,,,-00.024200000000,  -0.27776,
,,,-00.024160000000,  -0.35840,
,,,-00.024120000000,  -0.43008,
,,,-00.024080000000,  -0.46592,
,,,-00.024040000000,  -0.43008,
,,,-00.024000000000,  -0.39424,
,,,-00.023960000000,  -0.30464,
,,,-00.023920000000,  -0.21504,
,,,-00.023880000000,  -0.12544,
,,,-00.023840000000,  -0.01792,
,,,-00.023800000000,   0.04480,
,,,-00.023760000000,   0.10752,
,,,-00.023720000000,   0.14336,
,,,-00.023680000000,   0.12544,
,,,-00.023640000000,   0.08960,
,,,-00.023600000000,   0.04480,
,,,-00.023560000000,  -0.00896,
,,,-00.023520000000,  -0.10752,
,,,-00.023480000000,  -0.19712,
,,,-00.023440000000,  -0.22400,
,,,-00.023400000000,  -0.27776,
,,,-00.023360000000,  -0.24192,
,,,-00.023320000000,  -0.19712,
,,,-00.023280000000,  -0.15232,
,,,-00.023240000000,  -0.03584,
,,,-00.023200000000,   0.07168,
,,,-00.023160000000,   0.20608,
,,,-00.023120000000,   0.36736,
,,,-00.023080000000,   0.48384,
,,,-00.023040000000,   0.57344,
,,,-00.023000000000,   0.62720,
,,,-00.022960000000,   0.64512,
,,,-00.022920000000,   0.63616,
,,,-00.022880000000,   0.55552,
,,,-00.022840000000,   0.45696,
,,,-00.022800000000,   0.27776,
,,,-00.022760000000,   0.08064,
,,,-00.022720000000,  -0.10752,
,,,-00.022680000000,  -0.29568,
,,,-00.022640000000,  -0.46592,
,,,-00.022600000000,  -0.61824,
,,,-00.022560000000,  -0.71680,
,,,-00.022520000000,  -0.80640,
,,,-00.022480000000,  -0.77056,
,,,-00.022440000000,  -0.74368,
,,,-00.022400000000,  -0.62720,
,,,-00.022360000000,  -0.48384,
,,,-00.022320000000,  -0.32256,
,,,-00.022280000000,  -0.12544,
,,,-00.022240000000,   0.07168,
,,,-00.022200000000,   0.24192,
,,,-00.022160000000,   0.40320,
,,,-00.022120000000,   0.52864,
,,,-00.022080000000,   0.60928,
,,,-00.022040000000,   0.61824,
,,,-00.022000000000,   0.57344,
,,,-00.021960000000,   0.52864,
,,,-00.021920000000,   0.44800,
,,,-00.021880000000,   0.32256,
,,,-00.021840000000,   0.20608,
,,,-00.021800000000,   0.06272,
,,,-00.021760000000,  -0.03584,
,,,-00.021720000000,  -0.12544,
,,,-00.021680000000,  -0.19712,
,,,-00.021640000000,  -0.20608,
,,,-00.021600000000,  -0.21504,
,,,-00.021560000000,  -0.19712,
,,,-00.021520000000,  -0.12544,
,,,-00.021480000000,  -0.08064,
,,,-00.021440000000,   0.00000,
,,,-00.021400000000,   0.05376,
,,,-00.021360000000,   0.12544,
,,,-00.021320000000,   0.14336,
,,,-00.021280000000,   0.15232,
,,,-00.021240000000,   0.10752,
,,,-00.021200000000,   0.07168,
,,,-00.021160000000,  -0.02688,
,,,-00.021120000000,  -0.13440,
,,,-00.021080000000,  -0.23296,
,,,-00.021040000000,  -0.34048,
,,,-00.021000000000,  -0.42112,
,,,-00.020960000000,  -0.48384,
,,,-00.020920000000,  -0.47488,
,,,-00.020880000000,  -0.46592,
,,,-00.020840000000,  -0.40320,
,,,-00.020800000000,  -0.28672,
,,,-00.020760000000,  -0.16128,
,,,-00.020720000000,   0.01792,
,,,-00.020680000000,   0.19712,
,,,-00.020640000000,   0.35840,
,,,-00.020600000000,   0.52864,
,,,-00.020560000000,   0.66304,
,,,-00.020520000000,   0.74368,
,,,-00.020480000000,   0.77952,
,,,-00.020440000000,   0.77952,
,,,-00.020400000000,   0.70784,
,,,-00.020360000000,   0.59136,
,,,-00.020320000000,   0.43904,
,,,-00.020280000000,   0.27776,
,,,-00.020240000000,   0.05376,
,,,-00.020200000000,  -0.14336,
,,,-00.020160000000,  -0.34048,
,,,-00.020120000000,  -0.49280,
,,,-00.020080000000,  -0.62720,
,,,-00.020040000000,  -0.69888,
,,,-00.020000000000,  -0.70784,
,,,-00.019960000000,  -0.67200,
,,,-00.019920000000,  -0.63616,
,,,-00.019880000000,  -0.47488,
,,,-00.019840000000,  -0.36736,
,,,-00.019800000000,  -0.20608,
,,,-00.019760000000,  -0.06272,
,,,-00.019720000000,   0.08960,
,,,-00.019680000000,   0.23296,
,,,-00.019640000000,   0.33152,
,,,-00.019600000000,   0.37632,
,,,-00.019560000000,   0.38528,
,,,-00.019520000000,   0.36736,
,,,-00.019480000000,   0.34944,
,,,-00.019440000000,   0.25088,
,,,-00.019400000000,   0.17024,
,,,-00.019360000000,   0.08064,
,,,-00.019320000000,   0.01792,
,,,-00.019280000000,  -0.04480,
,,,-00.019240000000,  -0.08960,
,,,-00.019200000000,  -0.10752,
,,,-00.019160000000,  -0.08064,
,,,-00.019120000000,  -0.02688,
,,,-00.019080000000,   0.02688,
,,,-00.019040000000,   0.10752,
,,,-00.019000000000,   0.20608,
,,,-00.018960000000,   0.26880,
,,,-00.018920000000,   0.31360,
,,,-00.018880000000,   0.34944,
,,,-00.018840000000,   0.32256,
,,,-00.018800000000,   0.29568,
,,,-00.018760000000,   0.19712,
,,,-00.018720000000,   0.09856,
,,,-00.018680000000,  -0.03584,
,,,-00.018640000000,  -0.17920,
,,,-00.018600000000,  -0.35840,
,,,-00.018560000000,  -0.46592,
,,,-00.018520000000,  -0.60032,
,,,-00.018480000000,  -0.64512,
,,,-00.018440000000,  -0.70784,
,,,-00.018400000000,  -0.67200,
,,,-00.018360000000,  -0.59136,
,,,-00.018320000000,  -0.48384,
,,,-00.018280000000,  -0.33152,
,,,-00.018240000000,  -0.13440,
,,,-00.018200000000,   0.08064,
,,,-00.018160000000,   0.26880,
,,,-00.018120000000,   0.43904,
,,,-00.018080000000,   0.60032,
,,,-00.018040000000,   0.72576,
,,,-00.018000000000,   0.78848,
,,,-00.017960000000,   0.81536,
,,,-00.017920000000,   0.73472,
,,,-00.017880000000,   0.66304,
,,,-00.017840000000,   0.54656,
,,,-00.017800000000,   0.35840,
,,,-00.017760000000,   0.19712,
,,,-00.017720000000,   0.02688,
,,,-00.017680000000,  -0.14336,
,,,-00.017640000000,  -0.33152,
,,,-00.017600000000,  -0.43008,
,,,-00.017560000000,  -0.48384,
,,,-00.017520000000,  -0.53760,
,,,-00.017480000000,  -0.51072,
,,,-00.017440000000,  -0.49280,
,,,-00.017400000000,  -0.39424,
,,,-00.017360000000,  -0.27776,
,,,-00.017320000000,  -0.16128,
,,,-00.017280000000,  -0.05376,
,,,-00.017240000000,   0.04480,
,,,-00.017200000000,   0.09856,
,,,-00.017160000000,   0.17920,
,,,-00.017120000000,   0.19712,
,,,-00.017080000000,   0.16128,
,,,-00.017040000000,   0.10752,
,,,-00.017000000000,   0.04480,
,,,-00.016960000000,  -0.00896,
,,,-00.016920000000,  -0.08960,
,,,-00.016880000000,  -0.12544,
,,,-00.016840000000,  -0.13440,
,,,-00.016800000000,  -0.15232,
,,,-00.016760000000,  -0.15232,
,,,-00.016720000000,  -0.12544,
,,,-00.016680000000,  -0.06272,
,,,-00.016640000000,   0.04480,
,,,-00.016600000000,   0.14336,
,,,-00.016560000000,   0.26880,
,,,-00.016520000000,   0.41216,
,,,-00.016480000000,   0.49280,
,,,-00.016440000000,   0.57344,
,,,-00.016400000000,   0.58240,
,,,-00.016360000000,   0.53760,
,,,-00.016320000000,   0.48384,
,,,-00.016280000000,   0.34944,
,,,-00.016240000000,   0.21504,
,,,-00.016200000000,   0.06272,
,,,-00.016160000000,  -0.10752,
,,,-00.016120000000,  -0.31360,
,,,-00.016080000000,  -0.48384,
,,,-00.016040000000,  -0.63616,
,,,-00.016000000000,  -0.74368,
,,,-00.015960000000,  -0.77952,
,,,-00.015920000000,  -0.77056,
,,,-00.015880000000,  -0.73472,
,,,-00.015840000000,  -0.61824,
,,,-00.015800000000,  -0.47488,
,,,-00.015760000000,  -0.31360,
,,,-00.015720000000,  -0.10752,
,,,-00.015680000000,   0.08960,
,,,-00.015640000000,   0.27776,
,,,-00.015600000000,   0.43904,
,,,-00.015560000000,   0.57344,
,,,-00.015520000000,   0.65408,
,,,-00.015480000000,   0.69888,
,,,-00.015440000000,   0.66304,
,,,-00.015400000000,   0.60928,
,,,-00.015360000000,   0.50176,
,,,-00.015320000000,   0.40320,
,,,-00.015280000000,   0.21504,
,,,-00.015240000000,   0.08960,
,,,-00.015200000000,  -0.03584,
,,,-00.015160000000,  -0.15232,
,,,-00.015120000000,  -0.23296,
,,,-00.015080000000,  -0.30464,
,,,-00.015040000000,  -0.31360,
,,,-00.015000000000,  -0.29568,
,,,-00.014960000000,  -0.25984,
,,,-00.014920000000,  -0.16128,
,,,-00.014880000000,  -0.08960,
,,,-00.014840000000,  -0.01792,
,,,-00.014800000000,   0.04480,
,,,-00.014760000000,   0.10752,
,,,-00.014720000000,   0.12544,
,,,-00.014680000000,   0.10752,
,,,-00.014640000000,   0.07168,
,,,-00.014600000000,   0.01792,
,,,-00.014560000000,  -0.07168,
,,,-00.014520000000,  -0.17920,
,,,-00.014480000000,  -0.26880,
,,,-00.014440000000,  -0.33152,
,,,-00.014400000000,  -0.35840,
,,,-00.014360000000,  -0.41216,
,,,-00.014320000000,  -0.38528,
,,,-00.014280000000,  -0.32256,
,,,-00.014240000000,  -0.24192,
,,,-00.014200000000,  -0.12544,
,,,-00.014160000000,   0.02688,
,,,-00.014120000000,   0.19712,
,,,-00.014080000000,   0.36736,
,,,-00.014040000000,   0.50176,
,,,-00.014000000000,   0.63616,
,,,-00.013960000000,   0.72576,
,,,-00.013920000000,   0.76160,
,,,-00.013880000000,   0.72576,
,,,-00.013840000000,   0.68992,
,,,-00.013800000000,   0.58240,
,,,-00.013760000000,   0.40320,
,,,-00.013720000000,   0.22400,
,,,-00.013680000000,   0.04480,
,,,-00.013640000000,  -0.19712,
,,,-00.013600000000,  -0.37632,
,,,-00.013560000000,  -0.53760,
,,,-00.013520000000,  -0.67200,
,,,-00.013480000000,  -0.74368,
,,,-00.013440000000,  -0.77056,
,,,-00.013400000000,  -0.71680,
,,,-00.013360000000,  -0.64512,
,,,-00.013320000000,  -0.51968,
,,,-00.013280000000,  -0.37632,
,,,-00.013240000000,  -0.22400,
,,,-00.013200000000,  -0.02688,
,,,-00.013160000000,   0.12544,
,,,-00.013120000000,   0.25984,
,,,-00.013080000000,   0.39424,
,,,-00.013040000000,   0.44800,
,,,-00.013000000000,   0.47488,
,,,-00.012960000000,   0.47488,
,,,-00.012920000000,   0.43904,
,,,-00.012880000000,   0.34944,
,,,-00.012840000000,   0.25984,
,,,-00.012800000000,   0.13440,
,,,-00.012760000000,   0.06272,
,,,-00.012720000000,  -0.02688,
,,,-00.012680000000,  -0.07168,
,,,-00.012640000000,  -0.12544,
,,,-00.012600000000,  -0.12544,
,,,-00.012560000000,  -0.08960,
,,,-00.012520000000,  -0.04480,
,,,-00.012480000000,   0.01792,
,,,-00.012440000000,   0.09856,
,,,-00.012400000000,   0.15232,
,,,-00.012360000000,   0.21504,
,,,-00.012320000000,   0.24192,
,,,-00.012280000000,   0.25984,
,,,-00.012240000000,   0.23296,
,,,-00.012200000000,   0.14336,
,,,-00.012160000000,   0.08960,
,,,-00.012120000000,  -0.04480,
,,,-00.012080000000,  -0.17920,
,,,-00.012040000000,  -0.29568,
,,,-00.012000000000,  -0.43008,
,,,-00.011960000000,  -0.51968,
,,,-00.011920000000,  -0.59136,
,,,-00.011880000000,  -0.61824,
,,,-00.011840000000,  -0.58240,
,,,-00.011800000000,  -0.55552,
,,,-00.011760000000,  -0.43904,
,,,-00.011720000000,  -0.27776,
,,,-00.011680000000,  -0.11648,
,,,-00.011640000000,   0.09856,
,,,-00.011600000000,   0.27776,
,,,-00.011560000000,   0.47488,
,,,-00.011520000000,   0.63616,
,,,-00.011480000000,   0.72576,
,,,-00.011440000000,   0.80640,
,,,-00.011400000000,   0.82432,
,,,-00.011360000000,   0.76160,
,,,-00.011320000000,   0.68992,
,,,-00.011280000000,   0.52864,
,,,-00.011240000000,   0.37632,
,,,-00.011200000000,   0.16128,
,,,-00.011160000000,  -0.01792,
,,,-00.011120000000,  -0.20608,
,,,-00.011080000000,  -0.36736,
,,,-00.011040000000,  -0.48384,
,,,-00.011000000000,  -0.57344,
,,,-00.010960000000,  -0.60032,
,,,-00.010920000000,  -0.60928,
,,,-00.010880000000,  -0.53760,
,,,-00.010840000000,  -0.46592,
,,,-00.010800000000,  -0.34944,
,,,-00.010760000000,  -0.21504,
,,,-00.010720000000,  -0.07168,
,,,-00.010680000000,   0.02688,
,,,-00.010640000000,   0.14336,
,,,-00.010600000000,   0.19712,
,,,-00.010560000000,   0.25088,
,,,-00.010520000000,   0.25984,
,,,-00.010480000000,   0.21504,
,,,-00.010440000000,   0.19712,
,,,-00.010400000000,   0.12544,
,,,-00.010360000000,   0.03584,
,,,-00.010320000000,  -0.01792,
,,,-00.010280000000,  -0.09856,
,,,-00.010240000000,  -0.09856,
,,,-00.010200000000,  -0.13440,
,,,-00.010160000000,  -0.08960,
,,,-00.010120000000,  -0.06272,
,,,-00.010080000000,   0.04480,
,,,-00.010040000000,   0.11648,
,,,-00.010000000000,   0.21504,
,,,-00.009960000000,   0.30464,
,,,-00.009920000000,   0.42112,
,,,-00.009880000000,   0.46592,
,,,-00.009840000000,   0.50176,
,,,-00.009800000000,   0.48384,
,,,-00.009760000000,   0.43904,
,,,-00.009720000000,   0.32256,
,,,-00.009680000000,   0.19712,
,,,-00.009640000000,   0.01792,
,,,-00.009600000000,  -0.12544,
,,,-00.009560000000,  -0.32256,
,,,-00.009520000000,  -0.46592,
,,,-00.009480000000,  -0.62720,
,,,-00.009440000000,  -0.70784,
,,,-00.009400000000,  -0.77056,
,,,-00.009360000000,  -0.74368,
,,,-00.009320000000,  -0.70784,
,,,-00.009280000000,  -0.58240,
,,,-00.009240000000,  -0.45696,
,,,-00.009200000000,  -0.27776,
,,,-00.009160000000,  -0.07168,
,,,-00.009120000000,   0.13440,
,,,-00.009080000000,   0.32256,
,,,-00.009040000000,   0.50176,
,,,-00.009000000000,   0.65408,
,,,-00.008960000000,   0.70784,
,,,-00.008920000000,   0.74368,
,,,-00.008880000000,   0.72576,
,,,-00.008840000000,   0.65408,
,,,-00.008800000000,   0.56448,
,,,-00.008760000000,   0.42112,
,,,-00.008720000000,   0.25088,
,,,-00.008680000000,   0.07168,
,,,-00.008640000000,  -0.06272,
,,,-00.008600000000,  -0.20608,
,,,-00.008560000000,  -0.31360,
,,,-00.008520000000,  -0.36736,
,,,-00.008480000000,  -0.39424,
,,,-00.008440000000,  -0.40320,
,,,-00.008400000000,  -0.35840,
,,,-00.008360000000,  -0.27776,
,,,-00.008320000000,  -0.18816,
,,,-00.008280000000,  -0.08960,
,,,-00.008240000000,  -0.03584,
,,,-00.008200000000,   0.05376,
,,,-00.008160000000,   0.10752,
,,,-00.008120000000,   0.10752,
,,,-00.008080000000,   0.08960,
,,,-00.008040000000,   0.08064,
,,,-00.008000000000,   0.00896,
,,,-00.007960000000,  -0.06272,
,,,-00.007920000000,  -0.14336,
,,,-00.007880000000,  -0.20608,
,,,-00.007840000000,  -0.28672,
,,,-00.007800000000,  -0.31360,
,,,-00.007760000000,  -0.29568,
,,,-00.007720000000,  -0.28672,
,,,-00.007680000000,  -0.18816,
,,,-00.007640000000,  -0.07168,
,,,-00.007600000000,   0.04480,
,,,-00.007560000000,   0.16128,
,,,-00.007520000000,   0.31360,
,,,-00.007480000000,   0.48384,
,,,-00.007440000000,   0.60032,
,,,-00.007400000000,   0.66304,
,,,-00.007360000000,   0.72576,
,,,-00.007320000000,   0.70784,
,,,-00.007280000000,   0.63616,
,,,-00.007240000000,   0.51968,
,,,-00.007200000000,   0.36736,
,,,-00.007160000000,   0.17024,
,,,-00.007120000000,  -0.04480,
,,,-00.007080000000,  -0.22400,
,,,-00.007040000000,  -0.43008,
,,,-00.007000000000,  -0.57344,
,,,-00.006960000000,  -0.67200,
,,,-00.006920000000,  -0.72576,
,,,-00.006880000000,  -0.77056,
,,,-00.006840000000,  -0.74368,
,,,-00.006800000000,  -0.68096,
,,,-00.006760000000,  -0.55552,
,,,-00.006720000000,  -0.40320,
,,,-00.006680000000,  -0.23296,
,,,-00.006640000000,  -0.00896,
,,,-00.006600000000,   0.16128,
,,,-00.006560000000,   0.34944,
,,,-00.006520000000,   0.44800,
,,,-00.006480000000,   0.54656,
,,,-00.006440000000,   0.57344,
,,,-00.006400000000,   0.55552,
,,,-00.006360000000,   0.49280,
,,,-00.006320000000,   0.41216,
,,,-00.006280000000,   0.33152,
,,,-00.006240000000,   0.20608,
,,,-00.006200000000,   0.10752,
,,,-00.006160000000,   0.00896,
,,,-00.006120000000,  -0.11648,
,,,-00.006080000000,  -0.14336,
,,,-00.006040000000,  -0.17024,
,,,-00.006000000000,  -0.17024,
,,,-00.005960000000,  -0.14336,
,,,-00.005920000000,  -0.08064,
,,,-00.005880000000,  -0.02688,
,,,-00.005840000000,   0.05376,
,,,-00.005800000000,   0.10752,
,,,-00.005760000000,   0.16128,
,,,-00.005720000000,   0.17920,
,,,-00.005680000000,   0.18816,
,,,-00.005640000000,   0.14336,
,,,-00.005600000000,   0.07168,
,,,-00.005560000000,  -0.01792,
,,,-00.005520000000,  -0.12544,
,,,-00.005480000000,  -0.24192,
,,,-00.005440000000,  -0.34944,
,,,-00.005400000000,  -0.45696,
,,,-00.005360000000,  -0.51072,
,,,-00.005320000000,  -0.55552,
,,,-00.005280000000,  -0.53760,
,,,-00.005240000000,  -0.48384,
,,,-00.005200000000,  -0.37632,
,,,-00.005160000000,  -0.22400,
,,,-00.005120000000,  -0.06272,
,,,-00.005080000000,   0.11648,
,,,-00.005040000000,   0.31360,
,,,-00.005000000000,   0.46592,
,,,-00.004960000000,   0.62720,
,,,-00.004920000000,   0.73472,
,,,-00.004880000000,   0.78848,
,,,-00.004840000000,   0.80640,
,,,-00.004800000000,   0.74368,
,,,-00.004760000000,   0.64512,
,,,-00.004720000000,   0.52864,
,,,-00.004680000000,   0.34048,
,,,-00.004640000000,   0.14336,
,,,-00.004600000000,  -0.06272,
,,,-00.004560000000,  -0.25984,
,,,-00.004520000000,  -0.43008,
,,,-00.004480000000,  -0.55552,
,,,-00.004440000000,  -0.64512,
,,,-00.004400000000,  -0.67200,
,,,-00.004360000000,  -0.65408,
,,,-00.004320000000,  -0.60928,
,,,-00.004280000000,  -0.50176,
,,,-00.004240000000,  -0.38528,
,,,-00.004200000000,  -0.23296,
,,,-00.004160000000,  -0.08960,
,,,-00.004120000000,   0.03584,
,,,-00.004080000000,   0.18816,
,,,-00.004040000000,   0.25984,
,,,-00.004000000000,   0.33152,
,,,-00.003960000000,   0.34048,
,,,-00.003920000000,   0.31360,
,,,-00.003880000000,   0.28672,
,,,-00.003840000000,   0.20608,
,,,-00.003800000000,   0.14336,
,,,-00.003760000000,   0.06272,
,,,-00.003720000000,  -0.00896,
,,,-00.003680000000,  -0.06272,
,,,-00.003640000000,  -0.08960,
,,,-00.003600000000,  -0.10752,
,,,-00.003560000000,  -0.06272,
,,,-00.003520000000,  -0.00896,
,,,-00.003480000000,   0.06272,
,,,-00.003440000000,   0.14336,
,,,-00.003400000000,   0.23296,
,,,-00.003360000000,   0.31360,
,,,-00.003320000000,   0.38528,
,,,-00.003280000000,   0.41216,
,,,-00.003240000000,   0.40320,
,,,-00.003200000000,   0.34048,
,,,-00.003160000000,   0.26880,
,,,-00.003120000000,   0.15232,
,,,-00.003080000000,   0.02688,
,,,-00.003040000000,  -0.13440,
,,,-00.003000000000,  -0.29568,
,,,-00.002960000000,  -0.47488,
,,,-00.002920000000,  -0.58240,
,,,-00.002880000000,  -0.66304,
,,,-00.002840000000,  -0.72576,
,,,-00.002800000000,  -0.71680,
,,,-00.002760000000,  -0.67200,
,,,-00.002720000000,  -0.57344,
,,,-00.002680000000,  -0.41216,
,,,-00.002640000000,  -0.21504,
,,,-00.002600000000,  -0.02688,
,,,-00.002560000000,   0.19712,
,,,-00.002520000000,   0.36736,
,,,-00.002480000000,   0.52864,
,,,-00.002440000000,   0.66304,
,,,-00.002400000000,   0.76160,
,,,-00.002360000000,   0.77952,
,,,-00.002320000000,   0.77056,
,,,-00.002280000000,   0.70784,
,,,-00.002240000000,   0.57344,
,,,-00.002200000000,   0.43008,
,,,-00.002160000000,   0.26880,
,,,-00.002120000000,   0.08064,
,,,-00.002080000000,  -0.10752,
,,,-00.002040000000,  -0.24192,
,,,-00.002000000000,  -0.34048,
,,,-00.001960000000,  -0.44800,
,,,-00.001920000000,  -0.47488,
,,,-00.001880000000,  -0.46592,
,,,-00.001840000000,  -0.41216,
,,,-00.001800000000,  -0.38528,
,,,-00.001760000000,  -0.27776,
,,,-00.001720000000,  -0.16128,
,,,-00.001680000000,  -0.06272,
,,,-00.001640000000,   0.02688,
,,,-00.001600000000,   0.09856,
,,,-00.001560000000,   0.14336,
,,,-00.001520000000,   0.16128,
,,,-00.001480000000,   0.13440,
,,,-00.001440000000,   0.09856,
,,,-00.001400000000,   0.01792,
,,,-00.001360000000,  -0.05376,
,,,-00.001320000000,  -0.12544,
,,,-00.001280000000,  -0.17920,
,,,-00.001240000000,  -0.21504,
,,,-00.001200000000,  -0.24192,
,,,-00.001160000000,  -0.21504,
,,,-00.001120000000,  -0.17920,
,,,-00.001080000000,  -0.07168,
,,,-00.001040000000,   0.03584,
,,,-00.001000000000,   0.16128,
,,,-00.000960000000,   0.28672,
,,,-00.000920000000,   0.41216,
,,,-00.000880000000,   0.51968,
,,,-00.000840000000,   0.60928,
,,,-00.000800000000,   0.64512,
,,,-00.000760000000,   0.61824,
,,,-00.000720000000,   0.57344,
,,,-00.000680000000,   0.44800,
,,,-00.000640000000,   0.31360,
,,,-00.000600000000,   0.13440,
,,,-00.000560000000,  -0.04480,
,,,-00.000520000000,  -0.24192,
,,,-00.000480000000,  -0.43008,
,,,-00.000440000000,  -0.58240,
,,,-00.000400000000,  -0.70784,
,,,-00.000360000000,  -0.75264,
,,,-00.000320000000,  -0.80640,
,,,-00.000280000000,  -0.75264,
,,,-00.000240000000,  -0.66304,
,,,-00.000200000000,  -0.54656,
,,,-00.000160000000,  -0.38528,
,,,-00.000120000000,  -0.16128,
,,,-00.000080000000,   0.00896,
,,,-00.000040000000,   0.20608,
,,,-00.000000000000,   0.36736,
,,,00.000040000000,   0.50176,
,,,00.000080000000,   0.60032,
,,,00.000120000000,   0.63616,
,,,00.000160000000,   0.64512,
,,,00.000200000000,   0.58240,
,,,00.000240000000,   0.50176,
,,,00.000280000000,   0.38528,
,,,00.000320000000,   0.24192,
,,,00.000360000000,   0.13440,
,,,00.000400000000,  -0.02688,
,,,00.000440000000,  -0.08960,
,,,00.000480000000,  -0.17920,
,,,00.000520000000,  -0.21504,
,,,00.000560000000,  -0.24192,
,,,00.000600000000,  -0.23296,
,,,00.000640000000,  -0.19712,
,,,00.000680000000,  -0.10752,
,,,00.000720000000,  -0.06272,
,,,00.000760000000,   0.01792,
,,,00.000800000000,   0.08064,
,,,00.000840000000,   0.12544,
,,,00.000880000000,   0.15232,
,,,00.000920000000,   0.12544,
,,,00.000960000000,   0.07168,
,,,00.001000000000,   0.00000,
,,,00.001040000000,  -0.08960,
,,,00.001080000000,  -0.16128,
,,,00.001120000000,  -0.29568,
,,,00.001160000000,  -0.36736,
,,,00.001200000000,  -0.43008,
,,,00.001240000000,  -0.45696,
,,,00.001280000000,  -0.43008,
,,,00.001320000000,  -0.40320,
,,,00.001360000000,  -0.30464,
,,,00.001400000000,  -0.17024,
,,,00.001440000000,  -0.06272,
,,,00.001480000000,   0.14336,
,,,00.001520000000,   0.33152,
,,,00.001560000000,   0.48384,
,,,00.001600000000,   0.59136,
,,,00.001640000000,   0.68096,
,,,00.001680000000,   0.77056,
,,,00.001720000000,   0.77952,
,,,00.001760000000,   0.74368,
,,,00.001800000000,   0.63616,
,,,00.001840000000,   0.48384,
,,,00.001880000000,   0.31360,
,,,00.001920000000,   0.10752,
,,,00.001960000000,  -0.11648,
,,,00.002000000000,  -0.29568,
,,,00.002040000000,  -0.46592,
,,,00.002080000000,  -0.61824,
,,,00.002120000000,  -0.67200,
,,,00.002160000000,  -0.72576,
,,,00.002200000000,  -0.71680,
,,,00.002240000000,  -0.65408,
,,,00.002280000000,  -0.53760,
,,,00.002320000000,  -0.41216,
,,,00.002360000000,  -0.26880,
,,,00.002400000000,  -0.08960,
,,,00.002440000000,   0.04480,
,,,00.002480000000,   0.19712,
,,,00.002520000000,   0.33152,
,,,00.002560000000,   0.37632,
,,,00.002600000000,   0.42112,
,,,00.002640000000,   0.41216,
,,,00.002680000000,   0.37632,
,,,00.002720000000,   0.30464,
,,,00.002760000000,   0.20608,
,,,00.002800000000,   0.12544,
,,,00.002840000000,   0.04480,
,,,00.002880000000,  -0.02688,
,,,00.002920000000,  -0.06272,
,,,00.002960000000,  -0.08064,
,,,00.003000000000,  -0.06272,
,,,00.003040000000,  -0.06272,
,,,00.003080000000,  -0.00896,
,,,00.003120000000,   0.04480,
,,,00.003160000000,   0.10752,
,,,00.003200000000,   0.19712,
,,,00.003240000000,   0.25088,
,,,00.003280000000,   0.30464,
,,,00.003320000000,   0.33152,
,,,00.003360000000,   0.30464,
,,,00.003400000000,   0.25088,
,,,00.003440000000,   0.15232,
,,,00.003480000000,   0.00896,
,,,00.003520000000,  -0.15232,
,,,00.003560000000,  -0.33152,
,,,00.003600000000,  -0.44800,
,,,00.003640000000,  -0.54656,
,,,00.003680000000,  -0.61824,
,,,00.003720000000,  -0.63616,
,,,00.003760000000,  -0.65408,
,,,00.003800000000,  -0.61824,
,,,00.003840000000,  -0.51968,
,,,00.003880000000,  -0.38528,
,,,00.003920000000,  -0.16128,
,,,00.003960000000,   0.01792,
,,,00.004000000000,   0.21504,
,,,00.004040000000,   0.40320,
,,,00.004080000000,   0.54656,
,,,00.004120000000,   0.70784,
,,,00.004160000000,   0.77056,
,,,00.004200000000,   0.80640,
,,,00.004240000000,   0.78848,
,,,00.004280000000,   0.72576,
,,,00.004320000000,   0.59136,
,,,00.004360000000,   0.44800,
,,,00.004400000000,   0.24192,
,,,00.004440000000,   0.08064,
,,,00.004480000000,  -0.12544,
,,,00.004520000000,  -0.27776,
,,,00.004560000000,  -0.43008,
,,,00.004600000000,  -0.51968,
,,,00.004640000000,  -0.55552,
,,,00.004680000000,  -0.56448,
,,,00.004720000000,  -0.50176,
,,,00.004760000000,  -0.43904,
,,,00.004800000000,  -0.34048,
,,,00.004840000000,  -0.22400,
,,,00.004880000000,  -0.10752,
,,,00.004920000000,   0.01792,
,,,00.004960000000,   0.10752,
,,,00.005000000000,   0.14336,
,,,00.005040000000,   0.19712,
,,,00.005080000000,   0.21504,
,,,00.005120000000,   0.17920,
,,,00.005160000000,   0.14336,
,,,00.005200000000,   0.05376,
,,,00.005240000000,  -0.00896,
,,,00.005280000000,  -0.06272,
,,,00.005320000000,  -0.12544,
,,,00.005360000000,  -0.14336,
,,,00.005400000000,  -0.16128,
,,,00.005440000000,  -0.12544,
,,,00.005480000000,  -0.06272,
,,,00.005520000000,   0.00896,
,,,00.005560000000,   0.12544,
,,,00.005600000000,   0.24192,
,,,00.005640000000,   0.34944,
,,,00.005680000000,   0.45696,
,,,00.005720000000,   0.50176,
,,,00.005760000000,   0.53760,
,,,00.005800000000,   0.53760,
,,,00.005840000000,   0.49280,
,,,00.005880000000,   0.40320,
,,,00.005920000000,   0.25088,
,,,00.005960000000,   0.10752,
,,,00.006000000000,  -0.07168,
,,,00.006040000000,  -0.25984,
,,,00.006080000000,  -0.43008,
,,,00.006120000000,  -0.59136,
,,,00.006160000000,  -0.69888,
,,,00.006200000000,  -0.76160,
,,,00.006240000000,  -0.77056,
,,,00.006280000000,  -0.74368,
,,,00.006320000000,  -0.64512,
,,,00.006360000000,  -0.53760,
,,,00.006400000000,  -0.35840,
,,,00.006440000000,  -0.14336,
,,,00.006480000000,   0.05376,
,,,00.006520000000,   0.21504,
,,,00.006560000000,   0.43008,
,,,00.006600000000,   0.56448,
,,,00.006640000000,   0.65408,
,,,00.006680000000,   0.70784,
,,,00.006720000000,   0.70784,
,,,00.006760000000,   0.63616,
,,,00.006800000000,   0.56448,
,,,00.006840000000,   0.41216,
,,,00.006880000000,   0.29568,
,,,00.006920000000,   0.14336,
,,,00.006960000000,   0.00896,
,,,00.007000000000,  -0.17024,
,,,00.007040000000,  -0.24192,
,,,00.007080000000,  -0.30464,
,,,00.007120000000,  -0.33152,
,,,00.007160000000,  -0.33152,
,,,00.007200000000,  -0.27776,
,,,00.007240000000,  -0.23296,
,,,00.007280000000,  -0.14336,
,,,00.007320000000,  -0.07168,
,,,00.007360000000,   0.00896,
,,,00.007400000000,   0.08064,
,,,00.007440000000,   0.10752,
,,,00.007480000000,   0.12544,
,,,00.007520000000,   0.09856,
,,,00.007560000000,   0.04480,
,,,00.007600000000,  -0.02688,
,,,00.007640000000,  -0.10752,
,,,00.007680000000,  -0.18816,
,,,00.007720000000,  -0.25984,
,,,00.007760000000,  -0.32256,
,,,00.007800000000,  -0.36736,
,,,00.007840000000,  -0.36736,
,,,00.007880000000,  -0.32256,
,,,00.007920000000,  -0.25984,
,,,00.007960000000,  -0.16128,
,,,00.008000000000,  -0.00896,
,,,00.008040000000,   0.15232,
,,,00.008080000000,   0.27776,
,,,00.008120000000,   0.47488,
,,,00.008160000000,   0.58240,
,,,00.008200000000,   0.65408,
,,,00.008240000000,   0.74368,
,,,00.008280000000,   0.73472,
,,,00.008320000000,   0.68992,
,,,00.008360000000,   0.59136,
,,,00.008400000000,   0.44800,
,,,00.008440000000,   0.28672,
,,,00.008480000000,   0.06272,
,,,00.008520000000,  -0.11648,
,,,00.008560000000,  -0.31360,
,,,00.008600000000,  -0.49280,
,,,00.008640000000,  -0.62720,
,,,00.008680000000,  -0.74368,
,,,00.008720000000,  -0.76160,
,,,00.008760000000,  -0.77056,
,,,00.008800000000,  -0.69888,
,,,00.008840000000,  -0.58240,
,,,00.008880000000,  -0.46592,
,,,00.008920000000,  -0.25984,
,,,00.008960000000,  -0.08960,
,,,00.009000000000,   0.09856,
,,,00.009040000000,   0.24192,
,,,00.009080000000,   0.37632,
,,,00.009120000000,   0.44800,
,,,00.009160000000,   0.51968,
,,,00.009200000000,   0.51072,
,,,00.009240000000,   0.48384,
,,,00.009280000000,   0.38528,
,,,00.009320000000,   0.33152,
,,,00.009360000000,   0.19712,
,,,00.009400000000,   0.11648,
,,,00.009440000000,   0.00896,
,,,00.009480000000,  -0.07168,
,,,00.009520000000,  -0.10752,
,,,00.009560000000,  -0.12544,
,,,00.009600000000,  -0.11648,
,,,00.009640000000,  -0.08960,
,,,00.009680000000,  -0.04480,
,,,00.009720000000,   0.02688,
,,,00.009760000000,   0.08064,
,,,00.009800000000,   0.16128,
,,,00.009840000000,   0.21504,
,,,00.009880000000,   0.24192,
,,,00.009920000000,   0.22400,
,,,00.009960000000,   0.18816,
,,,00.010000000000,   0.11648,
,,,00.010040000000,  -0.02688,
,,,00.010080000000,  -0.11648,
,,,00.010120000000,  -0.24192,
,,,00.010160000000,  -0.36736,
,,,00.010200000000,  -0.43904,
,,,00.010240000000,  -0.53760,
,,,00.010280000000,  -0.60032,
,,,00.010320000000,  -0.60928,
,,,00.010360000000,  -0.56448,
,,,00.010400000000,  -0.44800,
,,,00.010440000000,  -0.34048,
,,,00.010480000000,  -0.14336,
,,,00.010520000000,   0.06272,
,,,00.010560000000,   0.24192,
,,,00.010600000000,   0.42112,
,,,00.010640000000,   0.58240,
,,,00.010680000000,   0.69888,
,,,00.010720000000,   0.80640,
,,,00.010760000000,   0.80640,
,,,00.010800000000,   0.77056,
,,,00.010840000000,   0.70784,
,,,00.010880000000,   0.59136,
,,,00.010920000000,   0.42112,
,,,00.010960000000,   0.25088,
,,,00.011000000000,   0.02688,
,,,00.011040000000,  -0.16128,
,,,00.011080000000,  -0.34944,
,,,00.011120000000,  -0.46592,
,,,00.011160000000,  -0.57344,
,,,00.011200000000,  -0.63616,
,,,00.011240000000,  -0.62720,
,,,00.011280000000,  -0.59136,
,,,00.011320000000,  -0.50176,
,,,00.011360000000,  -0.40320,
,,,00.011400000000,  -0.25984,
,,,00.011440000000,  -0.11648,
,,,00.011480000000,   0.02688,
,,,00.011520000000,   0.11648,
,,,00.011560000000,   0.23296,
,,,00.011600000000,   0.25088,
,,,00.011640000000,   0.26880,
,,,00.011680000000,   0.28672,
,,,00.011720000000,   0.21504,
,,,00.011760000000,   0.17920,
,,,00.011800000000,   0.10752,
,,,00.011840000000,   0.01792,
,,,00.011880000000,  -0.02688,
,,,00.011920000000,  -0.08064,
,,,00.011960000000,  -0.10752,
,,,00.012000000000,  -0.09856,
,,,00.012040000000,  -0.08064,
,,,00.012080000000,  -0.00896,
,,,00.012120000000,   0.09856,
,,,00.012160000000,   0.16128,
,,,00.012200000000,   0.27776,
,,,00.012240000000,   0.36736,
,,,00.012280000000,   0.43904,
,,,00.012320000000,   0.44800,
,,,00.012360000000,   0.46592,
,,,00.012400000000,   0.40320,
,,,00.012440000000,   0.33152,
,,,00.012480000000,   0.21504,
,,,00.012520000000,   0.08064,
,,,00.012560000000,  -0.08064,
,,,00.012600000000,  -0.27776,
,,,00.012640000000,  -0.44800,
,,,00.012680000000,  -0.57344,
,,,00.012720000000,  -0.67200,
,,,00.012760000000,  -0.76160,
,,,00.012800000000,  -0.77056,
,,,00.012840000000,  -0.68992,
,,,00.012880000000,  -0.60032,
,,,00.012920000000,  -0.46592,
,,,00.012960000000,  -0.31360,
,,,00.013000000000,  -0.11648,
,,,00.013040000000,   0.08064,
,,,00.013080000000,   0.25088,
,,,00.013120000000,   0.45696,
,,,00.013160000000,   0.59136,
,,,00.013200000000,   0.71680,
,,,00.013240000000,   0.77952,
,,,00.013280000000,   0.77952,
,,,00.013320000000,   0.72576,
,,,00.013360000000,   0.60032,
,,,00.013400000000,   0.48384,
,,,00.013440000000,   0.30464,
,,,00.013480000000,   0.11648,
,,,00.013520000000,  -0.03584,
,,,00.013560000000,  -0.19712,
,,,00.013600000000,  -0.27776,
,,,00.013640000000,  -0.36736,
,,,00.013680000000,  -0.40320,
,,,00.013720000000,  -0.43008,
,,,00.013760000000,  -0.40320,
,,,00.013800000000,  -0.31360,
,,,00.013840000000,  -0.25088,
,,,00.013880000000,  -0.15232,
,,,00.013920000000,  -0.04480,
,,,00.013960000000,   0.02688,
,,,00.014000000000,   0.08960,
,,,00.014040000000,   0.11648,
,,,00.014080000000,   0.12544,
,,,00.014120000000,   0.11648,
,,,00.014160000000,   0.05376,
,,,00.014200000000,  -0.02688,
,,,00.014240000000,  -0.08064,
,,,00.014280000000,  -0.14336,
,,,00.014320000000,  -0.21504,
,,,00.014360000000,  -0.29568,
,,,00.014400000000,  -0.26880,
,,,00.014440000000,  -0.25984,
,,,00.014480000000,  -0.21504,
,,,00.014520000000,  -0.12544,
,,,00.014560000000,  -0.00896,
,,,00.014600000000,   0.12544,
,,,00.014640000000,   0.27776,
,,,00.014680000000,   0.39424,
,,,00.014720000000,   0.53760,
,,,00.014760000000,   0.61824,
,,,00.014800000000,   0.65408,
,,,00.014840000000,   0.68992,
,,,00.014880000000,   0.62720,
,,,00.014920000000,   0.52864,
,,,00.014960000000,   0.39424,
,,,00.015000000000,   0.21504,
,,,00.015040000000,   0.04480,
,,,00.015080000000,  -0.16128,
,,,00.015120000000,  -0.34944,
,,,00.015160000000,  -0.53760,
,,,00.015200000000,  -0.66304,
,,,00.015240000000,  -0.75264,
,,,00.015280000000,  -0.78848,
,,,00.015320000000,  -0.77056,
,,,00.015360000000,  -0.70784,
,,,00.015400000000,  -0.60032,
,,,00.015440000000,  -0.41216,
,,,00.015480000000,  -0.26880,
,,,00.015520000000,  -0.05376,
,,,00.015560000000,   0.10752,
,,,00.015600000000,   0.29568,
,,,00.015640000000,   0.42112,
,,,00.015680000000,   0.51968,
,,,00.015720000000,   0.57344,
,,,00.015760000000,   0.59136,
,,,00.015800000000,   0.54656,
,,,00.015840000000,   0.48384,
,,,00.015880000000,   0.36736,
,,,00.015920000000,   0.25088,
,,,00.015960000000,   0.14336,
,,,00.016000000000,   0.02688,
,,,00.016040000000,  -0.07168,
,,,00.016080000000,  -0.14336,
,,,00.016120000000,  -0.19712,
,,,00.016160000000,  -0.20608,
,,,00.016200000000,  -0.19712,
,,,00.016240000000,  -0.12544,
,,,00.016280000000,  -0.07168,
,,,00.016320000000,   0.00896,
,,,00.016360000000,   0.06272,
,,,00.016400000000,   0.12544,
,,,00.016440000000,   0.17920,
,,,00.016480000000,   0.17920,
,,,00.016520000000,   0.14336,
,,,00.016560000000,   0.08960,
,,,00.016600000000,   0.02688,
,,,00.016640000000,  -0.08960,
,,,00.016680000000,  -0.18816,
,,,00.016720000000,  -0.31360,
,,,00.016760000000,  -0.39424,
,,,00.016800000000,  -0.46592,
,,,00.016840000000,  -0.51072,
,,,00.016880000000,  -0.50176,
,,,00.016920000000,  -0.46592,
,,,00.016960000000,  -0.38528,
,,,00.017000000000,  -0.26880,
,,,00.017040000000,  -0.09856,
,,,00.017080000000,   0.08960,
,,,00.017120000000,   0.25088,
,,,00.017160000000,   0.43904,
,,,00.017200000000,   0.58240,
,,,00.017240000000,   0.71680,
,,,00.017280000000,   0.78848,
,,,00.017320000000,   0.80640,
,,,00.017360000000,   0.77952,
,,,00.017400000000,   0.70784,
,,,00.017440000000,   0.56448,
,,,00.017480000000,   0.37632,
,,,00.017520000000,   0.20608,
,,,00.017560000000,   0.00000,
,,,00.017600000000,  -0.21504,
,,,00.017640000000,  -0.40320,
,,,00.017680000000,  -0.54656,
,,,00.017720000000,  -0.64512,
,,,00.017760000000,  -0.68992,
,,,00.017800000000,  -0.68992,
,,,00.017840000000,  -0.65408,
,,,00.017880000000,  -0.56448,
,,,00.017920000000,  -0.43904,
,,,00.017960000000,  -0.29568,
,,,00.018000000000,  -0.13440,
,,,00.018040000000,   0.00896,
,,,00.018080000000,   0.15232,
,,,00.018120000000,   0.25088,
,,,00.018160000000,   0.33152,
,,,00.018200000000,   0.37632,
,,,00.018240000000,   0.34944,
,,,00.018280000000,   0.32256,
,,,00.018320000000,   0.27776,
,,,00.018360000000,   0.19712,
,,,00.018400000000,   0.10752,
,,,00.018440000000,   0.01792,
,,,00.018480000000,  -0.01792,
,,,00.018520000000,  -0.07168,
,,,00.018560000000,  -0.08960,
,,,00.018600000000,  -0.08064,
,,,00.018640000000,  -0.05376,
,,,00.018680000000,   0.02688,
,,,00.018720000000,   0.08064,
,,,00.018760000000,   0.16128,
,,,00.018800000000,   0.26880,
,,,00.018840000000,   0.29568,
,,,00.018880000000,   0.38528,
,,,00.018920000000,   0.35840,
,,,00.018960000000,   0.34048,
,,,00.019000000000,   0.29568,
,,,00.019040000000,   0.18816,
,,,00.019080000000,   0.02688,
,,,00.019120000000,  -0.08960,
,,,00.019160000000,  -0.24192,
,,,00.019200000000,  -0.41216,
,,,00.019240000000,  -0.55552,
,,,00.019280000000,  -0.63616,
,,,00.019320000000,  -0.67200,
,,,00.019360000000,  -0.71680,
,,,00.019400000000,  -0.67200,
,,,00.019440000000,  -0.58240,
,,,00.019480000000,  -0.44800,
,,,00.019520000000,  -0.27776,
,,,00.019560000000,  -0.07168,
,,,00.019600000000,   0.14336,
,,,00.019640000000,   0.34048,
,,,00.019680000000,   0.50176,
,,,00.019720000000,   0.65408,
,,,00.019760000000,   0.74368,
,,,00.019800000000,   0.78848,
,,,00.019840000000,   0.78848,
,,,00.019880000000,   0.73472,
,,,00.019920000000,   0.62720,
,,,00.019960000000,   0.46592,
,,,00.020000000000,   0.30464,
,,,00.020040000000,   0.14336,
,,,00.020080000000,  -0.05376,
,,,00.020120000000,  -0.20608,
,,,00.020160000000,  -0.34944,
,,,00.020200000000,  -0.43008,
,,,00.020240000000,  -0.50176,
,,,00.020280000000,  -0.51968,
,,,00.020320000000,  -0.46592,
,,,00.020360000000,  -0.41216,
,,,00.020400000000,  -0.34048,
,,,00.020440000000,  -0.22400,
,,,00.020480000000,  -0.10752,
,,,00.020520000000,   0.00896,
,,,00.020560000000,   0.08064,
,,,00.020600000000,   0.14336,
,,,00.020640000000,   0.15232,
,,,00.020680000000,   0.14336,
,,,00.020720000000,   0.12544,
,,,00.020760000000,   0.08064,
,,,00.020800000000,   0.01792,
,,,00.020840000000,  -0.06272,
,,,00.020880000000,  -0.10752,
,,,00.020920000000,  -0.17920,
,,,00.020960000000,  -0.21504,
,,,00.021000000000,  -0.20608,
,,,00.021040000000,  -0.17024,
,,,00.021080000000,  -0.10752,
,,,00.021120000000,  -0.00896,
,,,00.021160000000,   0.11648,
,,,00.021200000000,   0.20608,
,,,00.021240000000,   0.37632,
,,,00.021280000000,   0.46592,
,,,00.021320000000,   0.56448,
,,,00.021360000000,   0.59136,
,,,00.021400000000,   0.60928,
,,,00.021440000000,   0.53760,
,,,00.021480000000,   0.50176,
,,,00.021520000000,   0.35840,
,,,00.021560000000,   0.18816,
,,,00.021600000000,  -0.00896,
,,,00.021640000000,  -0.19712,
,,,00.021680000000,  -0.36736,
,,,00.021720000000,  -0.55552,
,,,00.021760000000,  -0.68992,
,,,00.021800000000,  -0.77056,
,,,00.021840000000,  -0.78848,
,,,00.021880000000,  -0.77952,
,,,00.021920000000,  -0.69888,
,,,00.021960000000,  -0.58240,
,,,00.022000000000,  -0.42112,
,,,00.022040000000,  -0.24192,
,,,00.022080000000,  -0.04480,
,,,00.022120000000,   0.16128,
,,,00.022160000000,   0.33152,
,,,00.022200000000,   0.48384,
,,,00.022240000000,   0.58240,
,,,00.022280000000,   0.63616,
,,,00.022320000000,   0.67200,
,,,00.022360000000,   0.63616,
,,,00.022400000000,   0.55552,
,,,00.022440000000,   0.43904,
,,,00.022480000000,   0.29568,
,,,00.022520000000,   0.16128,
,,,00.022560000000,   0.04480,
,,,00.022600000000,  -0.09856,
,,,00.022640000000,  -0.18816,
,,,00.022680000000,  -0.25088,
,,,00.022720000000,  -0.25984,
,,,00.022760000000,  -0.25984,
,,,00.022800000000,  -0.21504,
,,,00.022840000000,  -0.17024,
,,,00.022880000000,  -0.10752,
,,,00.022920000000,  -0.04480,
,,,00.022960000000,   0.03584,
,,,00.023000000000,   0.05376,
,,,00.023040000000,   0.11648,
,,,00.023080000000,   0.11648,
,,,00.023120000000,   0.09856,
,,,00.023160000000,   0.05376,
,,,00.023200000000,  -0.00896,
,,,00.023240000000,  -0.11648,
,,,00.023280000000,  -0.21504,
,,,00.023320000000,  -0.33152,
,,,00.023360000000,  -0.40320,
,,,00.023400000000,  -0.43008,
,,,00.023440000000,  -0.43904,
,,,00.023480000000,  -0.40320,
,,,00.023520000000,  -0.30464,
,,,00.023560000000,  -0.17920,
,,,00.023600000000,  -0.06272,
,,,00.023640000000,   0.08064,
,,,00.023680000000,   0.24192,
,,,00.023720000000,   0.41216,
,,,00.023760000000,   0.55552,
,,,00.023800000000,   0.68096,
,,,00.023840000000,   0.75264,
,,,00.023880000000,   0.77952,
,,,00.023920000000,   0.74368,
,,,00.023960000000,   0.65408,
,,,00.024000000000,   0.51968,
,,,00.024040000000,   0.34944,
,,,00.024080000000,   0.17024,
,,,00.024120000000,  -0.04480,
,,,00.024160000000,  -0.26880,
,,,00.024200000000,  -0.44800,
,,,00.024240000000,  -0.58240,
,,,00.024280000000,  -0.68992,
,,,00.024320000000,  -0.75264,
,,,00.024360000000,  -0.74368,
,,,00.024400000000,  -0.68992,
,,,00.024440000000,  -0.60032,
,,,00.024480000000,  -0.46592,
,,,00.024520000000,  -0.31360,
,,,00.024560000000,  -0.14336,
,,,00.024600000000,   0.00896,
,,,00.024640000000,   0.17024,
,,,00.024680000000,   0.29568,
,,,00.024720000000,   0.37632,
,,,00.024760000000,   0.43904,
,,,00.024800000000,   0.45696,
,,,00.024840000000,   0.42112,
,,,00.024880000000,   0.36736,
,,,00.024920000000,   0.29568,
,,,00.024960000000,   0.17920,
,,,00.025000000000,   0.10752,
,,,00.025040000000,   0.00896,
,,,00.025080000000,  -0.06272,
,,,00.025120000000,  -0.10752,
,,,00.025160000000,  -0.11648,
,,,00.025200000000,  -0.09856,
,,,00.025240000000,  -0.06272,
,,,00.025280000000,   0.00000,
,,,00.025320000000,   0.08064,
,,,00.025360000000,   0.16128,
,,,00.025400000000,   0.22400,
,,,00.025440000000,   0.25984,
,,,00.025480000000,   0.27776,
,,,00.025520000000,   0.27776,
,,,00.025560000000,   0.23296,
,,,00.025600000000,   0.14336,
,,,00.025640000000,   0.04480,
,,,00.025680000000,  -0.10752,
,,,00.025720000000,  -0.22400,
,,,00.025760000000,  -0.36736,
,,,00.025800000000,  -0.50176,
,,,00.025840000000,  -0.58240,
,,,00.025880000000,  -0.63616,
,,,00.025920000000,  -0.64512,
,,,00.025960000000,  -0.60928,
,,,00.026000000000,  -0.51072,
,,,00.026040000000,  -0.38528,
,,,00.026080000000,  -0.23296,
,,,00.026120000000,  -0.05376,
,,,00.026160000000,   0.16128,
,,,00.026200000000,   0.35840,
,,,00.026240000000,   0.52864,
,,,00.026280000000,   0.67200,
,,,00.026320000000,   0.76160,
,,,00.026360000000,   0.79744,
,,,00.026400000000,   0.80640,
,,,00.026440000000,   0.75264,
,,,00.026480000000,   0.63616,
,,,00.026520000000,   0.48384,
,,,00.026560000000,   0.30464,
,,,00.026600000000,   0.09856,
,,,00.026640000000,  -0.07168,
,,,00.026680000000,  -0.25088,
,,,00.026720000000,  -0.41216,
,,,00.026760000000,  -0.52864,
,,,00.026800000000,  -0.57344,
,,,00.026840000000,  -0.57344,
,,,00.026880000000,  -0.55552,
,,,00.026920000000,  -0.50176,
,,,00.026960000000,  -0.37632,
,,,00.027000000000,  -0.27776,
,,,00.027040000000,  -0.14336,
,,,00.027080000000,  -0.02688,
,,,00.027120000000,   0.08064,
,,,00.027160000000,   0.14336,
,,,00.027200000000,   0.21504,
,,,00.027240000000,   0.23296,
,,,00.027280000000,   0.21504,
,,,00.027320000000,   0.17920,
,,,00.027360000000,   0.14336,
,,,00.027400000000,   0.04480,
,,,00.027440000000,  -0.01792,
,,,00.027480000000,  -0.06272,
,,,00.027520000000,  -0.12544,
,,,00.027560000000,  -0.14336,
,,,00.027600000000,  -0.11648,
,,,00.027640000000,  -0.08960,
,,,00.027680000000,   0.00896,
,,,00.027720000000,   0.07168,
,,,00.027760000000,   0.19712,
,,,00.027800000000,   0.27776,
,,,00.027840000000,   0.40320,
,,,00.027880000000,   0.46592,
,,,00.027920000000,   0.51072,
,,,00.027960000000,   0.52864,
,,,00.028000000000,   0.49280,
,,,00.028040000000,   0.41216,
,,,00.028080000000,   0.30464,
,,,00.028120000000,   0.15232,
,,,00.028160000000,  -0.01792,
,,,00.028200000000,  -0.21504,
,,,00.028240000000,  -0.38528,
,,,00.028280000000,  -0.54656,
,,,00.028320000000,  -0.67200,
,,,00.028360000000,  -0.75264,
,,,00.028400000000,  -0.77952,
,,,00.028440000000,  -0.75264,
,,,00.028480000000,  -0.68992,
,,,00.028520000000,  -0.55552,
,,,00.028560000000,  -0.40320,
,,,00.028600000000,  -0.19712,
,,,00.028640000000,  -0.00896,
,,,00.028680000000,   0.19712,
,,,00.028720000000,   0.36736,
,,,00.028760000000,   0.53760,
,,,00.028800000000,   0.67200,
,,,00.028840000000,   0.71680,
,,,00.028880000000,   0.72576,
,,,00.028920000000,   0.69888,
,,,00.028960000000,   0.60032,
,,,00.029000000000,   0.48384,
,,,00.029040000000,   0.31360,
,,,00.029080000000,   0.19712,
,,,00.029120000000,   0.02688,
,,,00.029160000000,  -0.10752,
,,,00.029200000000,  -0.24192,
,,,00.029240000000,  -0.30464,
,,,00.029280000000,  -0.34944,
,,,00.029320000000,  -0.35840,
,,,00.029360000000,  -0.33152,
,,,00.029400000000,  -0.26880,
,,,00.029440000000,  -0.22400,
,,,00.029480000000,  -0.12544,
,,,00.029520000000,  -0.04480,
,,,00.029560000000,   0.04480,
,,,00.029600000000,   0.08064,
,,,00.029640000000,   0.10752,
,,,00.029680000000,   0.10752,
,,,00.029720000000,   0.06272,
,,,00.029760000000,   0.00000,
,,,00.029800000000,  -0.04480,
,,,00.029840000000,  -0.12544,
,,,00.029880000000,  -0.18816,
,,,00.029920000000,  -0.27776,
,,,00.029960000000,  -0.31360,
,,,00.030000000000,  -0.31360,
,,,00.030040000000,  -0.34048,
,,,00.030080000000,  -0.26880,
,,,00.030120000000,  -0.17920,
,,,00.030160000000,  -0.05376,
,,,00.030200000000,   0.10752,
,,,00.030240000000,   0.25088,
,,,00.030280000000,   0.38528,
,,,00.030320000000,   0.53760,
,,,00.030360000000,   0.63616,
,,,00.030400000000,   0.70784,
,,,00.030440000000,   0.69888,
,,,00.030480000000,   0.68992,
,,,00.030520000000,   0.59136,
,,,00.030560000000,   0.48384,
,,,00.030600000000,   0.31360,
,,,00.030640000000,   0.12544,
,,,00.030680000000,  -0.08960,
,,,00.030720000000,  -0.27776,
,,,00.030760000000,  -0.46592,
,,,00.030800000000,  -0.60032,
,,,00.030840000000,  -0.71680,
,,,00.030880000000,  -0.74368,
,,,00.030920000000,  -0.78848,
,,,00.030960000000,  -0.70784,
,,,00.031000000000,  -0.61824,
,,,00.031040000000,  -0.48384,
,,,00.031080000000,  -0.32256,
,,,00.031120000000,  -0.12544,
,,,00.031160000000,   0.04480,
,,,00.031200000000,   0.21504,
,,,00.031240000000,   0.34944,
,,,00.031280000000,   0.45696,
,,,00.031320000000,   0.53760,
,,,00.031360000000,   0.53760,
,,,00.031400000000,   0.52864,
,,,00.031440000000,   0.44800,
,,,00.031480000000,   0.37632,
,,,00.031520000000,   0.26880,
,,,00.031560000000,   0.14336,
,,,00.031600000000,   0.06272,
,,,00.031640000000,  -0.05376,
,,,00.031680000000,  -0.10752,
,,,00.031720000000,  -0.14336,
,,,00.031760000000,  -0.16128,
,,,00.031800000000,  -0.15232,
,,,00.031840000000,  -0.07168,
,,,00.031880000000,  -0.02688,
,,,00.031920000000,   0.04480,
,,,00.031960000000,   0.13440,
,,,00.032000000000,   0.16128,
,,,00.032040000000,   0.20608,
,,,00.032080000000,   0.21504,
,,,00.032120000000,   0.18816,
,,,00.032160000000,   0.13440,
,,,00.032200000000,   0.04480,
,,,00.032240000000,  -0.04480,
,,,00.032280000000,  -0.20608,
,,,00.032320000000,  -0.31360,
,,,00.032360000000,  -0.40320,
,,,00.032400000000,  -0.51072,
,,,00.032440000000,  -0.55552,
,,,00.032480000000,  -0.58240,
,,,00.032520000000,  -0.54656,
,,,00.032560000000,  -0.46592,
,,,00.032600000000,  -0.32256,
,,,00.032640000000,  -0.17920,
,,,00.032680000000,   0.01792,
,,,00.032720000000,   0.18816,
,,,00.032760000000,   0.36736,
,,,00.032800000000,   0.52864,
,,,00.032840000000,   0.68096,
,,,00.032880000000,   0.73472,
,,,00.032920000000,   0.78848,
,,,00.032960000000,   0.78848,
,,,00.033000000000,   0.74368,
,,,00.033040000000,   0.61824,
,,,00.033080000000,   0.50176,
,,,00.033120000000,   0.29568,
,,,00.033160000000,   0.11648,
,,,00.033200000000,  -0.12544,
,,,00.033240000000,  -0.31360,
,,,00.033280000000,  -0.48384,
,,,00.033320000000,  -0.60032,
,,,00.033360000000,  -0.64512,
,,,00.033400000000,  -0.65408,
,,,00.033440000000,  -0.61824,
,,,00.033480000000,  -0.51968,
,,,00.033520000000,  -0.45696,
,,,00.033560000000,  -0.30464,
,,,00.033600000000,  -0.17920,
,,,00.033640000000,  -0.05376,
,,,00.033680000000,   0.07168,
,,,00.033720000000,   0.17920,
,,,00.033760000000,   0.27776,
,,,00.033800000000,   0.30464,
,,,00.033840000000,   0.31360,
,,,00.033880000000,   0.27776,
,,,00.033920000000,   0.21504,
,,,00.033960000000,   0.14336,
,,,00.034000000000,   0.08064,
,,,00.034040000000,   0.00000,
,,,00.034080000000,  -0.06272,
,,,00.034120000000,  -0.10752,
,,,00.034160000000,  -0.09856,
,,,00.034200000000,  -0.08960,
,,,00.034240000000,  -0.02688,
,,,00.034280000000,   0.02688,
,,,00.034320000000,   0.11648,
,,,00.034360000000,   0.21504,
,,,00.034400000000,   0.28672,
,,,00.034440000000,   0.35840,
,,,00.034480000000,   0.41216,
,,,00.034520000000,   0.44800,
,,,00.034560000000,   0.40320,
,,,00.034600000000,   0.34944,
,,,00.034640000000,   0.23296,
,,,00.034680000000,   0.09856,
,,,00.034720000000,  -0.04480,
,,,00.034760000000,  -0.21504,
,,,00.034800000000,  -0.38528,
,,,00.034840000000,  -0.52864,
,,,00.034880000000,  -0.62720,
,,,00.034920000000,  -0.73472,
,,,00.034960000000,  -0.73472,
,,,00.035000000000,  -0.72576,
,,,00.035040000000,  -0.63616,
,,,00.035080000000,  -0.51968,
,,,00.035120000000,  -0.34944,
,,,00.035160000000,  -0.16128,
,,,00.035200000000,   0.04480,
,,,00.035240000000,   0.23296,
,,,00.035280000000,   0.43008,
,,,00.035320000000,   0.58240,
,,,00.035360000000,   0.68992,
,,,00.035400000000,   0.75264,
,,,00.035440000000,   0.77952,
,,,00.035480000000,   0.72576,
,,,00.035520000000,   0.65408,
,,,00.035560000000,   0.51968,
,,,00.035600000000,   0.36736,
,,,00.035640000000,   0.19712,
,,,00.035680000000,   0.02688,
,,,00.035720000000,  -0.13440,
,,,00.035760000000,  -0.27776,
,,,00.035800000000,  -0.36736,
,,,00.035840000000,  -0.43904,
,,,00.035880000000,  -0.46592,
,,,00.035920000000,  -0.41216,
,,,00.035960000000,  -0.39424,
,,,00.036000000000,  -0.30464,
,,,00.036040000000,  -0.19712,
,,,00.036080000000,  -0.08960,
,,,00.036120000000,  -0.00896,
,,,00.036160000000,   0.06272,
,,,00.036200000000,   0.10752,
,,,00.036240000000,   0.12544,
,,,00.036280000000,   0.13440,
,,,00.036320000000,   0.09856,
,,,00.036360000000,   0.03584,
,,,00.036400000000,  -0.01792,
,,,00.036440000000,  -0.09856,
,,,00.036480000000,  -0.17024,
,,,00.036520000000,  -0.23296,
,,,00.036560000000,  -0.24192,
,,,00.036600000000,  -0.23296,
,,,00.036640000000,  -0.23296,
,,,00.036680000000,  -0.14336,
,,,00.036720000000,  -0.02688,
,,,00.036760000000,   0.09856,
,,,00.036800000000,   0.23296,
,,,00.036840000000,   0.36736,
,,,00.036880000000,   0.47488,
,,,00.036920000000,   0.58240,
,,,00.036960000000,   0.62720,
,,,00.037000000000,   0.65408,
,,,00.037040000000,   0.64512,
,,,00.037080000000,   0.57344,
,,,00.037120000000,   0.43008,
,,,00.037160000000,   0.27776,
,,,00.037200000000,   0.08064,
,,,00.037240000000,  -0.08960,
,,,00.037280000000,  -0.32256,
,,,00.037320000000,  -0.46592,
,,,00.037360000000,  -0.63616,
,,,00.037400000000,  -0.74368,
,,,00.037440000000,  -0.78848,
,,,00.037480000000,  -0.80640,
,,,00.037520000000,  -0.72576,
,,,00.037560000000,  -0.63616,
,,,00.037600000000,  -0.49280,
,,,00.037640000000,  -0.29568,
,,,00.037680000000,  -0.11648,
,,,00.037720000000,   0.08064,
,,,00.037760000000,   0.23296,
,,,00.037800000000,   0.40320,
,,,00.037840000000,   0.52864,
,,,00.037880000000,   0.59136,
,,,00.037920000000,   0.60928,
,,,00.037960000000,   0.59136,
,,,00.038000000000,   0.53760,
,,,00.038040000000,   0.43904,
,,,00.038080000000,   0.31360,
,,,00.038120000000,   0.21504,
,,,00.038160000000,   0.08064,
,,,00.038200000000,  -0.04480,
,,,00.038240000000,  -0.15232,
,,,00.038280000000,  -0.19712,
,,,00.038320000000,  -0.21504,
,,,00.038360000000,  -0.21504,
,,,00.038400000000,  -0.17920,
,,,00.038440000000,  -0.12544,
,,,00.038480000000,  -0.07168,
,,,00.038520000000,   0.00896,
,,,00.038560000000,   0.08064,
,,,00.038600000000,   0.12544,
,,,00.038640000000,   0.16128,
,,,00.038680000000,   0.13440,
,,,00.038720000000,   0.11648,
,,,00.038760000000,   0.03584,
,,,00.038800000000,  -0.02688,
,,,00.038840000000,  -0.14336,
,,,00.038880000000,  -0.24192,
,,,00.038920000000,  -0.34048,
,,,00.038960000000,  -0.43008,
,,,00.039000000000,  -0.46592,
,,,00.039040000000,  -0.50176,
,,,00.039080000000,  -0.46592,
,,,00.039120000000,  -0.40320,
,,,00.039160000000,  -0.27776,
,,,00.039200000000,  -0.15232,
,,,00.039240000000,   0.00896,
,,,00.039280000000,   0.21504,
,,,00.039320000000,   0.37632,
,,,00.039360000000,   0.53760,
,,,00.039400000000,   0.66304,
,,,00.039440000000,   0.76160,
,,,00.039480000000,   0.77952,
,,,00.039520000000,   0.77952,
,,,00.039560000000,   0.71680,
,,,00.039600000000,   0.59136,
,,,00.039640000000,   0.44800,
,,,00.039680000000,   0.26880,
,,,00.039720000000,   0.03584,
,,,00.039760000000,  -0.16128,
,,,00.039800000000,  -0.34944,
,,,00.039840000000,  -0.51968,
,,,00.039880000000,  -0.63616,
,,,00.039920000000,  -0.69888,
,,,00.039960000000,  -0.72576,
,,,00.040000000000,  -0.68096,
,,,00.040040000000,  -0.61824,
,,,00.040080000000,  -0.49280,
,,,00.040120000000,  -0.34944,
,,,00.040160000000,  -0.17920,
,,,00.040200000000,  -0.02688,
,,,00.040240000000,   0.10752,
,,,00.040280000000,   0.22400,
,,,00.040320000000,   0.31360,
,,,00.040360000000,   0.37632,
,,,00.040400000000,   0.38528,
,,,00.040440000000,   0.37632,
,,,00.040480000000,   0.31360,
,,,00.040520000000,   0.25088,
,,,00.040560000000,   0.17024,
,,,00.040600000000,   0.08064,
,,,00.040640000000,   0.00000,
,,,00.040680000000,  -0.06272,
,,,00.040720000000,  -0.08960,
,,,00.040760000000,  -0.10752,
,,,00.040800000000,  -0.08960,
,,,00.040840000000,  -0.01792,
,,,00.040880000000,   0.03584,
,,,00.040920000000,   0.14336,
,,,00.040960000000,   0.20608,
,,,00.041000000000,   0.28672,
,,,00.041040000000,   0.33152,
,,,00.041080000000,   0.34048,
,,,00.041120000000,   0.34944,
,,,00.041160000000,   0.28672,
,,,00.041200000000,   0.21504,
,,,00.041240000000,   0.08960,
,,,00.041280000000,  -0.06272,
,,,00.041320000000,  -0.19712,
,,,00.041360000000,  -0.36736,
,,,00.041400000000,  -0.47488,
,,,00.041440000000,  -0.59136,
,,,00.041480000000,  -0.64512,
,,,00.041520000000,  -0.69888,
,,,00.041560000000,  -0.66304,
,,,00.041600000000,  -0.60032,
,,,00.041640000000,  -0.46592,
,,,00.041680000000,  -0.32256,
,,,00.041720000000,  -0.14336,
,,,00.041760000000,   0.06272,
,,,00.041800000000,   0.29568,
,,,00.041840000000,   0.44800,
,,,00.041880000000,   0.61824,
,,,00.041920000000,   0.72576,
,,,00.041960000000,   0.77952,
,,,00.042000000000,   0.81536,
,,,00.042040000000,   0.76160,
,,,00.042080000000,   0.67200,
,,,00.042120000000,   0.55552,
,,,00.042160000000,   0.36736,
,,,00.042200000000,   0.16128,
,,,00.042240000000,  -0.00896,
,,,00.042280000000,  -0.16128,
,,,00.042320000000,  -0.34048,
,,,00.042360000000,  -0.45696,
,,,00.042400000000,  -0.50176,
,,,00.042440000000,  -0.56448,
,,,00.042480000000,  -0.51968,
,,,00.042520000000,  -0.48384,
,,,00.042560000000,  -0.38528,
,,,00.042600000000,  -0.27776,
,,,00.042640000000,  -0.14336,
,,,00.042680000000,  -0.04480,
,,,00.042720000000,   0.05376,
,,,00.042760000000,   0.10752,
,,,00.042800000000,   0.16128,
,,,00.042840000000,   0.17920,
,,,00.042880000000,   0.17920,
,,,00.042920000000,   0.14336,
,,,00.042960000000,   0.08960,
,,,00.043000000000,   0.00896,
,,,00.043040000000,  -0.05376,
,,,00.043080000000,  -0.13440,
,,,00.043120000000,  -0.17920,
,,,00.043160000000,  -0.22400,
,,,00.043200000000,  -0.17920,
,,,00.043240000000,  -0.14336,
,,,00.043280000000,  -0.02688,
,,,00.043320000000,   0.08064,
,,,00.043360000000,   0.20608,
,,,00.043400000000,   0.33152,
,,,00.043440000000,   0.43904,
,,,00.043480000000,   0.48384,
,,,00.043520000000,   0.53760,
,,,00.043560000000,   0.55552,
,,,00.043600000000,   0.54656,
,,,00.043640000000,   0.49280,
,,,00.043680000000,   0.38528,
,,,00.043720000000,   0.23296,
,,,00.043760000000,   0.06272,
,,,00.043800000000,  -0.14336,
,,,00.043840000000,  -0.31360,
,,,00.043880000000,  -0.51072,
,,,00.043920000000,  -0.62720,
,,,00.043960000000,  -0.72576,
,,,00.044000000000,  -0.78848,
,,,00.044040000000,  -0.77952,
,,,00.044080000000,  -0.74368,
,,,00.044120000000,  -0.62720,
,,,00.044160000000,  -0.46592,
,,,00.044200000000,  -0.28672,
,,,00.044240000000,  -0.08960,
,,,00.044280000000,   0.10752,
,,,00.044320000000,   0.30464,
,,,00.044360000000,   0.47488,
,,,00.044400000000,   0.57344,
,,,00.044440000000,   0.67200,
,,,00.044480000000,   0.68992,
,,,00.044520000000,   0.67200,
,,,00.044560000000,   0.59136,
,,,00.044600000000,   0.51968,
,,,00.044640000000,   0.36736,
,,,00.044680000000,   0.22400,
,,,00.044720000000,   0.08064,
,,,00.044760000000,  -0.04480,
,,,00.044800000000,  -0.16128,
,,,00.044840000000,  -0.22400,
,,,00.044880000000,  -0.29568,
,,,00.044920000000,  -0.30464,
,,,00.044960000000,  -0.28672,
,,,00.045000000000,  -0.23296,
,,,00.045040000000,  -0.15232,
,,,00.045080000000,  -0.08960,
,,,00.045120000000,  -0.00896,
,,,00.045160000000,   0.04480,
,,,00.045200000000,   0.10752,
,,,00.045240000000,   0.12544,
,,,00.045280000000,   0.10752,
,,,00.045320000000,   0.07168,
,,,00.045360000000,   0.00896,
,,,00.045400000000,  -0.08064,
,,,00.045440000000,  -0.17024,
,,,00.045480000000,  -0.24192,
,,,00.045520000000,  -0.33152,
,,,00.045560000000,  -0.37632,
,,,00.045600000000,  -0.40320,
,,,00.045640000000,  -0.36736,
,,,00.045680000000,  -0.33152,
,,,00.045720000000,  -0.24192,
,,,00.045760000000,  -0.10752,
,,,00.045800000000,   0.02688,
,,,00.045840000000,   0.20608,
,,,00.045880000000,   0.37632,
,,,00.045920000000,   0.51968,
,,,00.045960000000,   0.64512,
,,,00.046000000000,   0.72576,
,,,00.046040000000,   0.76160,
,,,00.046080000000,   0.74368,
,,,00.046120000000,   0.67200,
,,,00.046160000000,   0.57344,
,,,00.046200000000,   0.41216,
,,,00.046240000000,   0.20608,
,,,00.046280000000,   0.00896,
,,,00.046320000000,  -0.19712,
,,,00.046360000000,  -0.39424,
,,,00.046400000000,  -0.54656,
,,,00.046440000000,  -0.67200,
,,,00.046480000000,  -0.74368,
,,,00.046520000000,  -0.77056,
,,,00.046560000000,  -0.74368,
,,,00.046600000000,  -0.65408,
,,,00.046640000000,  -0.51968,
,,,00.046680000000,  -0.34944,
,,,00.046720000000,  -0.19712,
,,,00.046760000000,  -0.00896,
,,,00.046800000000,   0.14336,
,,,00.046840000000,   0.27776,
,,,00.046880000000,   0.38528,
,,,00.046920000000,   0.45696,
,,,00.046960000000,   0.48384,
,,,00.047000000000,   0.46592,
,,,00.047040000000,   0.42112,
,,,00.047080000000,   0.34944,
,,,00.047120000000,   0.24192,
,,,00.047160000000,   0.12544,
,,,00.047200000000,   0.04480,
,,,00.047240000000,  -0.06272,
,,,00.047280000000,  -0.08960,
,,,00.047320000000,  -0.13440,
,,,00.047360000000,  -0.11648,
,,,00.047400000000,  -0.09856,
,,,00.047440000000,  -0.03584,
,,,00.047480000000,   0.00000,
,,,00.047520000000,   0.10752,
,,,00.047560000000,   0.14336,
,,,00.047600000000,   0.23296,
,,,00.047640000000,   0.23296,
,,,00.047680000000,   0.26880,
,,,00.047720000000,   0.23296,
,,,00.047760000000,   0.17920,
,,,00.047800000000,   0.07168,
,,,00.047840000000,  -0.04480,
,,,00.047880000000,  -0.19712,
,,,00.047920000000,  -0.31360,
,,,00.047960000000,  -0.43008,
,,,00.048000000000,  -0.52864,
,,,00.048040000000,  -0.60032,
,,,00.048080000000,  -0.61824,
,,,00.048120000000,  -0.61824,
,,,00.048160000000,  -0.51968,
,,,00.048200000000,  -0.41216,
,,,00.048240000000,  -0.25984,
,,,00.048280000000,  -0.07168,
,,,00.048320000000,   0.12544,
,,,00.048360000000,   0.29568,
,,,00.048400000000,   0.46592,
,,,00.048440000000,   0.62720,
,,,00.048480000000,   0.72576,
,,,00.048520000000,   0.82432,
,,,00.048560000000,   0.80640,
,,,00.048600000000,   0.75264,
,,,00.048640000000,   0.67200,
,,,00.048680000000,   0.52864,
,,,00.048720000000,   0.34944,
,,,00.048760000000,   0.16128,
,,,00.048800000000,  -0.04480,
,,,00.048840000000,  -0.23296,
,,,00.048880000000,  -0.38528,
,,,00.048920000000,  -0.51072,
,,,00.048960000000,  -0.60032,
,,,00.049000000000,  -0.61824,
,,,00.049040000000,  -0.60928,
,,,00.049080000000,  -0.52864,
,,,00.049120000000,  -0.46592,
,,,00.049160000000,  -0.31360,
,,,00.049200000000,  -0.19712,
,,,00.049240000000,  -0.06272,
,,,00.049280000000,   0.03584,
,,,00.049320000000,   0.16128,
,,,00.049360000000,   0.21504,
,,,00.049400000000,   0.25088,
,,,00.049440000000,   0.26880,
,,,00.049480000000,   0.23296,
,,,00.049520000000,   0.16128,
,,,00.049560000000,   0.10752,
,,,00.049600000000,   0.02688,
,,,00.049640000000,  -0.02688,
,,,00.049680000000,  -0.10752,
,,,00.049720000000,  -0.10752,
,,,00.049760000000,  -0.13440,
,,,00.049800000000,  -0.10752,
,,,00.049840000000,  -0.06272,
,,,00.049880000000,   0.02688,
,,,00.049920000000,   0.13440,
,,,00.049960000000,   0.23296,
,,,00.050000000000,   0.34048,
,,,00.050040000000,   0.42112,
,,,00.050080000000,   0.46592,
,,,00.050120000000,   0.48384,
,,,00.050160000000,   0.49280,
,,,00.050200000000,   0.43904,
,,,00.050240000000,   0.33152,
,,,00.050280000000,   0.18816,
,,,00.050320000000,   0.00000,
,,,00.050360000000,  -0.14336,
,,,00.050400000000,  -0.34944,
,,,00.050440000000,  -0.48384,
,,,00.050480000000,  -0.63616,
,,,00.050520000000,  -0.71680,
,,,00.050560000000,  -0.76160,
,,,00.050600000000,  -0.74368,
,,,00.050640000000,  -0.68992,
,,,00.050680000000,  -0.57344,
,,,00.050720000000,  -0.43008,
,,,00.050760000000,  -0.25088,
,,,00.050800000000,  -0.04480,
,,,00.050840000000,   0.16128,
,,,00.050880000000,   0.36736,
,,,00.050920000000,   0.50176,
,,,00.050960000000,   0.66304,
,,,00.051000000000,   0.70784,
,,,00.051040000000,   0.76160,
,,,00.051080000000,   0.72576,
,,,00.051120000000,   0.65408,
,,,00.051160000000,   0.54656,
,,,00.051200000000,   0.41216,
,,,00.051240000000,   0.23296,
,,,00.051280000000,   0.08064,
,,,00.051320000000,  -0.06272,
,,,00.051360000000,  -0.21504,
,,,00.051400000000,  -0.31360,
,,,00.051440000000,  -0.36736,
,,,00.051480000000,  -0.38528,
,,,00.051520000000,  -0.36736,
,,,00.051560000000,  -0.32256,
,,,00.051600000000,  -0.26880,
,,,00.051640000000,  -0.16128,
,,,00.051680000000,  -0.06272,
,,,00.051720000000,  -0.01792,
,,,00.051760000000,   0.05376,
,,,00.051800000000,   0.11648,
,,,00.051840000000,   0.12544,
,,,00.051880000000,   0.08064,
,,,00.051920000000,   0.06272,
,,,00.051960000000,  -0.01792,
,,,00.052000000000,  -0.06272,
,,,00.052040000000,  -0.12544,
,,,00.052080000000,  -0.22400,
,,,00.052120000000,  -0.29568,
,,,00.052160000000,  -0.29568,
,,,00.052200000000,  -0.31360,
,,,00.052240000000,  -0.25984,
,,,00.052280000000,  -0.19712,
,,,00.052320000000,  -0.07168,
,,,00.052360000000,   0.06272,
,,,00.052400000000,   0.20608,
,,,00.052440000000,   0.31360,
,,,00.052480000000,   0.48384,
,,,00.052520000000,   0.61824,
,,,00.052560000000,   0.67200,
,,,00.052600000000,   0.68992,
,,,00.052640000000,   0.67200,
,,,00.052680000000,   0.63616,
,,,00.052720000000,   0.50176,
,,,00.052760000000,   0.34944,
,,,00.052800000000,   0.18816,
,,,00.052840000000,  -0.00896,
,,,00.052880000000,  -0.21504,
,,,00.052920000000,  -0.41216,
,,,00.052960000000,  -0.60032,
,,,00.053000000000,  -0.68992,
,,,00.053040000000,  -0.78848,
,,,00.053080000000,  -0.80640,
,,,00.053120000000,  -0.75264,
,,,00.053160000000,  -0.67200,
,,,00.053200000000,  -0.51968,
,,,00.053240000000,  -0.33152,
,,,00.053280000000,  -0.17024,
,,,00.053320000000,   0.03584,
,,,00.053360000000,   0.16128,
,,,00.053400000000,   0.33152,
,,,00.053440000000,   0.43008,
,,,00.053480000000,   0.50176,
,,,00.053520000000,   0.56448,
,,,00.053560000000,   0.54656,
,,,00.053600000000,   0.51968,
,,,00.053640000000,   0.44800,
,,,00.053680000000,   0.31360,
,,,00.053720000000,   0.21504,
,,,00.053760000000,   0.08064,
,,,00.053800000000,   0.00896,
,,,00.053840000000,  -0.09856,
,,,00.053880000000,  -0.14336,
,,,00.053920000000,  -0.17920,
,,,00.053960000000,  -0.17920,
,,,00.054000000000,  -0.13440,
,,,00.054040000000,  -0.08064,
,,,00.054080000000,  -0.00896,
,,,00.054120000000,   0.07168,
,,,00.054160000000,   0.12544,
,,,00.054200000000,   0.17024,
,,,00.054240000000,   0.19712,
,,,00.054280000000,   0.17920,
,,,00.054320000000,   0.14336,
,,,00.054360000000,   0.08064,
,,,00.054400000000,  -0.03584,
,,,00.054440000000,  -0.13440,
,,,00.054480000000,  -0.26880,
,,,00.054520000000,  -0.36736,
,,,00.054560000000,  -0.46592,
,,,00.054600000000,  -0.51968,
,,,00.054640000000,  -0.53760,
,,,00.054680000000,  -0.53760,
,,,00.054720000000,  -0.46592,
,,,00.054760000000,  -0.36736,
,,,00.054800000000,  -0.22400,
,,,00.054840000000,  -0.04480,
,,,00.054880000000,   0.12544,
,,,00.054920000000,   0.31360,
,,,00.054960000000,   0.48384,
,,,00.055000000000,   0.62720,
,,,00.055040000000,   0.73472,
,,,00.055080000000,   0.78848,
,,,00.055120000000,   0.80640,
,,,00.055160000000,   0.74368,
,,,00.055200000000,   0.65408,
,,,00.055240000000,   0.51968,
,,,00.055280000000,   0.32256,
,,,00.055320000000,   0.12544,
,,,00.055360000000,  -0.07168,
,,,00.055400000000,  -0.27776,
,,,00.055440000000,  -0.41216,
,,,00.055480000000,  -0.55552,
,,,00.055520000000,  -0.63616,
,,,00.055560000000,  -0.67200,
,,,00.055600000000,  -0.66304,
,,,00.055640000000,  -0.59136,
,,,00.055680000000,  -0.51072,
,,,00.055720000000,  -0.38528,
,,,00.055760000000,  -0.24192,
,,,00.055800000000,  -0.11648,
,,,00.055840000000,   0.05376,
,,,00.055880000000,   0.17920,
,,,00.055920000000,   0.26880,
,,,00.055960000000,   0.33152,
,,,00.056000000000,   0.34944,
,,,00.056040000000,   0.31360,
,,,00.056080000000,   0.29568,
,,,00.056120000000,   0.20608,
,,,00.056160000000,   0.14336,
,,,00.056200000000,   0.05376,
,,,00.056240000000,  -0.00896,
,,,00.056280000000,  -0.07168,
,,,00.056320000000,  -0.10752,
,,,00.056360000000,  -0.10752,
